Series Name,Series Code,Country Name,Country Code,1960 [YR1960],1961 [YR1961],1962 [YR1962],1963 [YR1963],1964 [YR1964],1965 [YR1965],1966 [YR1966],1967 [YR1967],1968 [YR1968],1969 [YR1969],1970 [YR1970],1971 [YR1971],1972 [YR1972],1973 [YR1973],1974 [YR1974],1975 [YR1975],1976 [YR1976],1977 [YR1977],1978 [YR1978],1979 [YR1979],1980 [YR1980],1981 [YR1981],1982 [YR1982],1983 [YR1983],1984 [YR1984],1985 [YR1985],1986 [YR1986],1987 [YR1987],1988 [YR1988],1989 [YR1989],1990 [YR1990],1991 [YR1991],1992 [YR1992],1993 [YR1993],1994 [YR1994],1995 [YR1995],1996 [YR1996],1997 [YR1997],1998 [YR1998],1999 [YR1999],2000 [YR2000],2001 [YR2001],2002 [YR2002],2003 [YR2003],2004 [YR2004],2005 [YR2005],2006 [YR2006],2007 [YR2007],2008 [YR2008],2009 [YR2009],2010 [YR2010],2011 [YR2011],2012 [YR2012],2013 [YR2013],2014 [YR2014],2015 [YR2015],2016 [YR2016],2017 [YR2017]
Adjusted net national income per capita (annual % growth),NY.ADJ.NNTY.PC.KD.ZG,Austria,AUT,..,..,..,..,..,..,..,..,..,..,..,4.29426029241968,5.94627423275152,5.26384357630627,2.30752313578134,-0.173354487887295,4.69664591076786,3.89679124054159,0.390111489879772,5.51087964744494,-0.138076816464164,-1.34276127977915,2.79825861930378,3.342026834354,0.189527505112096,2.75106661851964,2.28092129371443,1.30959696650615,3.81552146970246,3.42948628695608,4.13389439827682,1.64630704397652,0.783164857056647,-0.763263191688651,2.02836548928396,2.36592203540391,2.07944630064961,1.24773025261817,3.19442543063676,1.95842355599565,3.57117047234006,0.134660480477905,2.30581909066268,0.663231552190553,2.21590339000007,1.03923324104262,3.18356120580474,2.96129330726839,1.29745684755758,-5.25240756695408,2.00935456188405,1.09128581314653,-0.701694224593297,-0.651212242279158,-0.24089651292762,-0.494205019218867,1.37354452132574,..
Adjusted net national income per capita (annual % growth),NY.ADJ.NNTY.PC.KD.ZG,Belgium,BEL,..,..,..,..,..,..,..,..,..,..,..,3.4473304015588,5.71386637782626,6.93032290212156,2.69272799055757,-2.74252242478104,6.06218016812778,-0.442184535382651,2.65260648650802,1.53995316745554,-0.128261056748045,-2.48637119941191,-0.0937952412088094,0.790757589725445,3.42141833503831,2.63807073726269,4.33986467626055,3.0994664122298,5.88507020387492,3.3076048163659,2.67235649091724,1.59366711136353,1.84182291369757,0.131366553584328,3.8109842597261,1.44815824178475,0.628923495251684,3.51823395935457,1.83336974055852,2.29600777043395,2.66743176617985,-0.663883129170628,1.54465842514182,-0.415557797982544,2.24062173269401,0.662116090008396,1.11240151742645,2.75244648165607,-1.67374147921952,-4.36730767934891,4.70212351756093,-3.29804208295648,0.828183463047537,-1.10156656903231,0.304755205859422,0.587428309989747,1.80079051642612,..
Adjusted net national income per capita (annual % growth),NY.ADJ.NNTY.PC.KD.ZG,Bulgaria,BGR,..,..,..,..,..,..,..,..,..,..,..,..,..,..,..,..,..,..,..,..,..,4.26695949070974,2.56828775677849,1.25462556352414,6.73099907438288,-2.0510684099708,5.43489808120547,1.85576282516044,8.37209827095214,-3.90421620786748,-16.7335415834224,-18.2133598101309,-1.96054063734591,-1.03445015880901,6.32852124021585,4.49514651785061,-2.86698416658237,-5.22024554872056,9.32383069587847,-4.4040375280897,11.4007775495101,9.8127787138077,10.6504032542617,5.0454294729434,7.22410141894341,5.5802699712779,5.18438125233888,4.46101018550382,10.7124523071264,1.00841140825408,-0.263472371828499,4.40113626593769,1.95545411862008,0.973440878582707,3.02083222558211,4.41980579071151,9.1671034358468,..
Adjusted net national income per capita (annual % growth),NY.ADJ.NNTY.PC.KD.ZG,Croatia,HRV,..,..,..,..,..,..,..,..,..,..,..,..,..,..,..,..,..,..,..,..,..,..,..,..,..,..,..,..,..,..,..,..,..,..,..,..,10.1227017237358,5.59604885015563,5.18281859037937,-4.87431511694015,5.93518520718564,0.997987954547952,7.76264241276581,3.8797406449891,6.6656883232598,6.36040208226578,4.85673047086898,6.2326747648051,1.56133517417898,-8.66219394461633,-0.660566270451682,3.53252646833133,-2.33277587858645,0.919293348100794,0.439112566058569,4.22168971532915,0.0442003152481618,..
Adjusted net national income per capita (annual % growth),NY.ADJ.NNTY.PC.KD.ZG,Cyprus,CYP,..,..,..,..,..,..,..,..,..,..,..,..,..,..,..,..,22.0781962594685,15.381503196608,5.92205635142886,9.28494538561696,3.46884220030421,-0.866673730345539,7.14210048622637,1.47939138816614,10.0190507588361,2.83778017674379,3.19358260103984,8.27390074187551,5.0106564571315,5.90601564118664,7.35348268202006,-0.173545441379943,5.22404384120576,-2.06492962172321,2.86770760569182,1.83812587115155,-0.899424198495481,0.0959090371086972,15.9388956657671,-5.74844225425008,2.75866859282215,3.88885913068063,3.04569780764538,3.37123078538784,3.48130388545317,1.42583324144803,2.42326209797423,6.62136857820941,-0.0108796654007364,-3.85682411640103,-3.16221638250003,0.677161830306929,-7.83950873789966,-9.3560410336553,0.375767190229809,4.97464528865301,..,..
Adjusted net national income per capita (annual % growth),NY.ADJ.NNTY.PC.KD.ZG,Czech Republic,CZE,..,..,..,..,..,..,..,..,..,..,..,..,..,..,..,..,..,..,..,..,..,..,..,..,..,..,..,..,..,..,..,..,..,..,2.89218679010061,3.64575287640332,4.90858189028205,-1.71004025345351,2.42443643663583,0.0496903783679556,2.41716643427239,3.94825408421278,2.99130245529979,4.16223664241429,5.30170089342744,6.30057464181886,3.90661839986424,5.26725010349867,0.0744519275389166,-6.2904164106876,0.466009144653952,0.18524751676398,0.449581076457093,0.160248553555348,..,..,..,..
Adjusted net national income per capita (annual % growth),NY.ADJ.NNTY.PC.KD.ZG,Denmark,DNK,..,..,..,..,..,..,..,..,..,..,..,1.80920015933914,4.40614095343095,5.68097281332433,-5.7990063019692,0.0419779193143768,5.63752509034647,2.32191647747737,3.60196118404754,1.4919924683426,-3.48543600113513,-2.92147796585317,2.74281104088459,3.55571730639932,3.95297716203157,3.66781681033414,6.79043862963671,0.788092963212733,-1.24987044404976,-0.375310216919218,1.29719461642881,0.382330231969448,3.09511886941041,-0.316803197775513,5.01637384866278,2.96368780593552,2.63960122732678,2.24742701207454,1.9992572526241,2.37337082382167,1.63224022234168,0.894242056105583,0.0224012929107289,0.538894273580709,3.9030977998342,3.23485313277465,3.86502175565528,-1.08188531324198,-1.20255753821283,-4.90209169874963,4.1179234826416,0.367558315264162,0.391003952086265,2.84225995004645,2.98817344162792,1.1056738837059,-0.309183195990556,..
Adjusted net national income per capita (annual % growth),NY.ADJ.NNTY.PC.KD.ZG,Estonia,EST,..,..,..,..,..,..,..,..,..,..,..,..,..,..,..,..,..,..,..,..,..,..,..,..,..,..,..,..,..,..,..,..,..,..,..,..,..,..,..,..,..,8.50318707837559,8.06614648276498,7.61924963212886,7.45209482524676,13.1391833852878,10.6922554811944,7.85143853074659,-4.64905678710372,-15.1049130161259,-0.806988552696936,10.6049227945933,5.15499874435557,4.55209878835103,3.58619132898936,2.27353944681686,3.27413624844877,..
Adjusted net national income per capita (annual % growth),NY.ADJ.NNTY.PC.KD.ZG,Finland,FIN,..,..,..,..,..,..,..,..,..,..,..,0.618674476515736,7.37852612863121,6.0654668406537,0.381834515013608,0.21467666872141,1.28213666684947,-0.557549668280217,2.37373991527814,7.46914449283305,2.25920507000109,0.288302666425096,2.42118792644371,1.779429061955,4.36061505582023,2.46170034404204,3.58360446594106,2.98386783537981,5.55341678931352,2.86236424559114,-1.83750107753468,-9.91941355707088,-5.31941389645661,-0.950469829660292,6.83322142533439,9.6354872199839,4.08617938260882,7.61806288926512,5.73208625325572,4.38648006925901,5.22911574954897,2.99894009195182,1.55607384811786,-0.266371734876543,4.53265489130574,0.521038497688792,3.23955332872256,4.22661992360523,-1.6503488037322,-8.96503848721838,2.55061086972243,0.537573696424374,-2.82283347482588,-1.12410736358518,0.233729019964215,1.34979594135227,2.4411396901282,..
Adjusted net national income per capita (annual % growth),NY.ADJ.NNTY.PC.KD.ZG,France,FRA,..,..,..,..,..,..,..,..,..,..,..,4.49817951102121,3.38014663820407,5.28677370819955,0.190200383958739,-0.861356069991544,2.70545816189136,2.73043489663347,5.33383943415799,2.82993469889632,-0.87520836722733,-0.590744366692633,1.05758309747603,1.18862237731069,0.70488060797615,1.59774672860161,3.97899563866086,1.88645768911024,4.57656527547468,3.2261818021648,2.15453386674523,0.233463572440613,1.69754829544857,-0.71387556762032,1.82227264516406,1.80887004812176,1.46716831990967,2.72715479628931,3.72905289244973,3.61701978506608,2.05363916139945,0.940980192991802,-0.348689177091273,0.10667784414278,1.95100939565971,0.508259736264137,1.19787001109937,1.99020423519013,-1.19167822698064,-3.92217795191068,1.54064287514709,1.01678613448016,-1.6930328417621,0.386800653794523,0.860672662349856,1.88033146950572,1.04431649044979,..
Adjusted net national income per capita (annual % growth),NY.ADJ.NNTY.PC.KD.ZG,Germany,DEU,..,..,..,..,..,..,..,..,..,..,..,2.65777886891227,3.6777757765021,4.36806305374155,-0.753285496217202,-1.17538784016922,5.25088797431748,3.52014816755886,4.04553473798592,2.57573688704991,-0.785615406581726,-1.46077254632934,-0.300863837935751,2.39589762216259,3.22208591787503,2.80149660607421,4.86602054144296,1.61838447066035,4.03160017472597,2.77211278605165,4.75115789813422,3.22817717987212,1.54198833399546,-2.17706841014113,1.99361284558297,1.48808295172813,0.436837323193842,1.04196537518453,2.03659394099667,1.85204887697057,1.46811107489391,1.35946726594007,-0.0751866362414688,-0.30549573318801,3.36236921471421,0.354924989159883,4.592355979725,3.13675700432799,-0.487411933822727,-3.81034023736972,3.75315072109998,5.43924323834935,-0.245330198004893,0.344196228259946,1.7724420686046,1.95038758641309,1.31727656465297,..
Adjusted net national income per capita (annual % growth),NY.ADJ.NNTY.PC.KD.ZG,Hungary,HUN,..,..,..,..,..,..,..,..,..,..,..,..,..,..,..,..,..,..,..,..,..,..,..,..,..,..,..,..,..,..,..,..,..,..,3.77115140886592,0.577382575563902,-0.948378777697513,3.36660858802031,4.63054078479254,1.77357347442762,4.56183452692424,6.53402450346459,7.02063134118369,5.02725800938353,5.19797716231973,3.86513518886026,3.12951547876462,-0.987846206685859,0.391596359300664,-5.58058135302323,0.523745428933921,0.853324121487134,-1.6596976137684,5.56978247546954,3.73620974537054,3.16605113700106,4.13304187068049,..
Adjusted net national income per capita (annual % growth),NY.ADJ.NNTY.PC.KD.ZG,Greece,GRC,..,..,..,..,..,..,..,..,..,..,..,7.34483578977651,8.53048324138621,7.19606404919067,-6.83501514534035,3.93922213392293,5.3203312917998,1.6623268940825,5.27067643492597,1.89222551321349,-1.39738988347426,-2.06302707739691,-2.62565744909773,-2.71191338191237,0.150080894798549,1.16702254291754,-0.150480852548256,-1.26466720839417,4.52353945422081,2.94151032232885,1.00883168792554,3.13237761359512,0.168602555344123,-1.90125037992176,2.2322688574418,1.42088587487726,1.63717778745018,4.13646321734569,2.85369027734339,1.11032707047765,4.3441693648262,3.79272338049235,3.37488276632043,4.33844823812444,4.08743099650444,1.24037735165491,3.01220288599275,2.16010447731982,-2.1238767152422,-4.30155740772841,-6.8545813032957,-11.4322485306613,-4.98939643053498,-2.86833895940163,3.43193546955844,1.18630861975682,-1.24107240179228,..
Adjusted net national income per capita (annual % growth),NY.ADJ.NNTY.PC.KD.ZG,Italy,ITA,..,..,..,..,..,..,..,..,..,..,..,1.57675031598612,3.37819590171324,3.47816551750158,0.794466891262147,-2.31045818441102,5.87460291484317,3.04735437146746,3.73740138725699,5.82613705404368,0.187766039928434,-1.4896182936218,0.868361415326845,2.22611799186497,2.91685005893851,2.55636633996694,5.29334051257715,3.82577030167815,4.12967415104985,3.00812603048639,1.98161834713142,1.80853370472079,0.16214862726504,-1.73284074152454,1.88072866714342,3.20640725609115,2.13493489766472,2.34294189510989,1.95130513014983,1.6921917158007,1.95020837741768,2.02579374407206,-0.141217770027552,-0.0447986095494173,1.00560869310885,-0.290798725872023,1.07652644004223,0.763966949564704,-4.04152269527856,-4.50655058194447,-0.118273270552606,-0.76870456993899,-3.969282723316,-2.6149643801247,0.274843096884524,1.32179389777033,3.10084784208485,..
Adjusted net national income per capita (annual % growth),NY.ADJ.NNTY.PC.KD.ZG,Latvia,LVA,..,..,..,..,..,..,..,..,..,..,..,..,..,..,..,..,..,..,..,..,..,..,..,..,..,..,..,..,..,..,..,..,..,..,..,..,7.79013291316579,10.4522426794523,10.211792465563,5.25030585036572,10.2767859029825,12.7899162139161,8.67043384286312,10.4711645416535,9.63590384076242,14.2130687962717,9.76156440391576,15.9529560726753,-1.9682606790564,-6.36793496289204,-10.8307954498558,9.53930368565594,2.09673017967613,5.73408770676363,2.56793553707692,4.9366205419131,6.07818952328604,..
Adjusted net national income per capita (annual % growth),NY.ADJ.NNTY.PC.KD.ZG,Lithuania,LTU,..,..,..,..,..,..,..,..,..,..,..,..,..,..,..,..,..,..,..,..,..,..,..,..,..,..,..,..,..,..,..,..,..,..,..,..,11.4357273291581,12.2068369430132,9.03460388480923,1.11261329322676,7.0340544688404,8.14956550549513,8.92242003715839,10.3788998084825,12.9517812796994,11.5194594591953,7.02934752704986,11.3796607534233,5.60611987700624,-12.7261196541566,-0.243668506043576,6.69572521536408,5.60145133499449,4.60018332484088,6.94824038623219,2.09363710452193,5.60069936757802,..
Adjusted net national income per capita (annual % growth),NY.ADJ.NNTY.PC.KD.ZG,Luxembourg,LUX,..,..,..,..,..,..,..,..,..,..,..,-6.73752041695769,10.0527290649709,10.4651073966893,15.7616560780361,-13.0665655049731,10.6609643844557,-1.25603452031058,4.91874397767748,1.28523687369967,2.25655720050844,3.52305379568931,15.0764337088123,4.29359783044079,2.63541567373287,4.84326109428783,6.41546362459249,2.60545403589352,7.07944752748048,8.44823965823893,3.91226654464359,7.17617165593292,-1.99254872795775,3.64225542576126,-0.91945279417601,1.20700049805502,2.26513452950543,4.36046613645517,-1.20417755433607,8.09155392857821,1.57337280323246,0.515361612141234,-2.64949144889263,-2.60548646520951,16.0870234875436,3.32189911693095,-6.23548792919172,14.1909200634126,-9.20473573806974,-27.2552063647526,13.7916830732286,-4.15125601731788,-3.26343660080775,0.999988815040481,0.805634807144017,3.00151104571226,2.16793602820292,..
Adjusted net national income per capita (annual % growth),NY.ADJ.NNTY.PC.KD.ZG,Netherlands,NLD,..,..,..,..,..,..,..,..,..,..,..,2.45821052999821,4.092180659094,6.49723504723592,-2.59887025699284,-0.492018722674601,4.62160279087129,1.40557751877202,0.82406152940176,-0.251642731674878,-1.60943361718522,-0.30036807302011,-1.05831234534166,0.77548500250559,4.08532818994365,-0.704994009547065,2.61932228058903,0.840441529423046,2.10131554168362,3.97771303089303,1.63344654148543,2.19089152677199,-0.0569247021567065,1.28947515851698,3.70274788000937,4.0168564038281,3.08292066591191,4.01675185487787,2.98233735421481,5.93836055554972,3.70616754998309,-1.41067990845818,-0.480861510586607,1.15647160328349,1.92663769894349,0.0917568917275986,6.55854359856467,2.87919223805311,-2.35932538448002,-3.22525803326276,1.70230889476967,1.82284888899045,-1.80163428757884,-1.17994614252403,-0.952372599476405,2.81469826424573,1.19400691625687,..
Adjusted net national income per capita (annual % growth),NY.ADJ.NNTY.PC.KD.ZG,Poland,POL,..,..,..,..,..,..,..,..,..,..,..,..,..,..,..,..,..,..,..,..,..,..,..,..,..,..,..,..,..,..,..,..,10.3646346391447,18.8311914787965,22.2844354564265,11.0466487375316,6.54606261185411,7.47144898670497,5.98998000449618,4.02263474855593,5.21402923240213,0.931965882488456,1.8134073170949,2.21206498381356,3.98803900825946,6.13554138211182,5.65490010601069,7.19045423247221,6.37290989067316,3.43256330261606,3.13111747559596,4.65232960347517,1.08440796722134,1.80757601957187,3.64698407356157,5.16793166206048,2.73571350189982,..
Adjusted net national income per capita (annual % growth),NY.ADJ.NNTY.PC.KD.ZG,Portugal,PRT,..,..,..,..,..,..,..,..,..,..,..,7.03708914430476,9.23881751568283,13.02900928724,-2.0088939935723,-9.882992743909,4.4102468204577,3.70350872587801,0.204423878529809,4.4368341682333,1.12071553099983,-2.76035989044505,-0.802191050230562,1.51627704967396,-2.32391138297935,5.70789047378058,9.0795900213765,6.51706565558729,7.19921054017347,8.54700433271094,5.53739433803632,6.09995785257426,3.82517237383935,-2.08543193071792,0.506550507525034,3.19097341032079,2.12643159916317,3.40827636992431,5.19443108618718,3.70171427946528,-0.211953111063607,1.22886853064952,1.23258892008562,-0.65159110249941,0.966858771634477,0.0597471515513206,-0.578867568260463,2.74357877515719,-2.52227307330517,-1.20012524037925,1.50815390086282,-1.61145215564284,-4.24052398850385,2.21490614019835,1.44928597859868,2.62472692126829,3.39903447817909,..
Adjusted net national income per capita (annual % growth),NY.ADJ.NNTY.PC.KD.ZG,Romania,ROU,..,..,..,..,..,..,..,..,..,..,..,..,..,..,..,..,..,..,..,..,..,..,..,..,..,..,..,..,..,..,..,-6.17789767199352,-10.5473890864448,3.87176708597661,5.5722520858434,3.99482847706626,1.2322478132204,-0.453425592507998,3.46054333617562,0.344526108424191,3.69598533512846,6.54190940764255,4.78502890561742,6.32146193347478,10.6973602705441,10.2441891927159,13.2314164071041,17.3161473046948,11.5422744651411,-7.84661450715754,1.10534152542161,0.811861416403389,0.391948434798309,4.99214447342864,6.52485044925444,5.54171055111516,5.06522657752258,..
Adjusted net national income per capita (annual % growth),NY.ADJ.NNTY.PC.KD.ZG,Slovak Republic,SVK,..,..,..,..,..,..,..,..,..,..,..,..,..,..,..,..,..,..,..,..,..,..,..,..,..,..,..,..,..,..,..,..,..,..,..,..,2.04482252987401,6.66800319645766,3.08254817311703,-1.32622112326814,3.36872416103833,3.5048632293051,4.27068895197715,0.316253950522523,8.47084676816749,9.10341001331378,9.22769596490085,11.9191396645395,5.59787842432597,-7.36006596398454,2.79896481377216,-0.509762451559027,2.42575529435456,1.3516131328539,1.77958042338877,3.40975292127246,2.72817541979838,..
Adjusted net national income per capita (annual % growth),NY.ADJ.NNTY.PC.KD.ZG,Slovenia,SVN,..,..,..,..,..,..,..,..,..,..,..,..,..,..,..,..,..,..,..,..,..,..,..,..,..,..,..,..,..,..,..,..,..,..,..,..,3.05649784399871,5.22563236925954,3.44938750770925,5.90218729942539,0.374792821387032,4.50002275945825,4.68389784715501,2.98185451234679,3.12053618208579,3.18798647254903,5.11377326715932,6.42619168389702,1.81137055312428,-7.93782917833913,-2.02877836859901,-0.675765751167091,-5.19200927675382,-0.618241676597435,4.93358490232616,0.51537603940919,4.1520413546065,..
Adjusted net national income per capita (annual % growth),NY.ADJ.NNTY.PC.KD.ZG,Spain,ESP,..,..,..,..,..,..,..,..,..,..,..,4.55083247847519,7.84449261101148,6.66076780575597,1.27705154369147,-0.552897448371382,1.6133105483752,2.51204231171154,2.2211297827025,-1.3426390112117,-1.85885642682979,-3.63048766283467,0.313475513541434,0.168227905412891,2.31010931783999,3.29455361461332,6.08073510084508,5.66750838939996,4.82881507811919,5.33203796739561,4.57481455591096,3.07562367212959,0.770306475795365,-1.66774052503112,0.0728802795064496,4.10040169261569,1.84064100292905,3.20726537963314,4.70047433428313,3.83727091263776,3.41220503011068,3.02298174846483,2.02986858406251,1.88881094681805,0.643963300213144,1.20915760355022,1.82047634760232,1.08734474612369,-2.05593883557081,-3.04554108521018,-1.06341765701526,-3.40398660967072,-2.84082740048034,-0.719460240682196,1.59887627025385,4.26109760346533,3.12485051734927,..
Adjusted net national income per capita (annual % growth),NY.ADJ.NNTY.PC.KD.ZG,Sweden,SWE,..,..,..,..,..,..,..,..,..,..,..,0.33723295318984,2.11024702858423,4.00972166873437,-0.0685590474422355,3.83047405391548,0.0256521473155118,-4.04269314130924,0.890307953360335,2.88849765651145,0.941552351468729,-0.604079122736593,-0.40985261626227,1.89133420184558,5.83818284876894,1.31899629062278,4.86914998552193,2.93953989425178,1.85581618047659,1.35370312687608,-1.13254728018505,-2.16390169697206,-3.48834538098163,-5.03570563669078,6.53298213771798,5.77599631067078,0.600404873620249,2.85786529336549,4.48328491908656,3.3695257057885,3.85696642072855,0.139662822395522,0.879409645833988,4.31193281830198,2.28940955860939,2.49050598642275,5.78897717977216,3.70883980904546,-1.81219708080414,-8.28967755841529,5.82963795748097,0.873621968873465,-1.1027219237041,0.320351052361104,1.69377490937366,3.47517394460817,2.25196080770276,..
Adjusted net national income per capita (annual % growth),NY.ADJ.NNTY.PC.KD.ZG,United Kingdom,GBR,..,..,..,..,..,..,..,..,..,..,..,2.35181015826515,3.05144549763212,3.50800109916408,-6.12923712380416,1.22420346480338,2.34194163864557,1.34158699486058,4.62475449160739,0.867709850801674,-2.58334139079844,-1.90483410837125,2.03141478481135,4.42991422554408,1.52741693761614,3.53700503010931,4.19787446998929,4.14960555669195,5.47949476894047,1.14287743785957,0.0542913989368401,-0.431497888743039,1.9201373067981,2.677094531777,5.71513496694163,-5.21437452251654,2.42462993691332,6.5707063273818,6.33632049752595,1.83723449061578,3.47785745959295,2.76165474714341,2.85121042656058,3.40461515127134,2.44445850022731,2.75515892652891,-0.212128263418535,1.68252507738514,-2.88592231022142,-4.9345122677225,2.94162938455196,0.0842112999192892,-0.580806814514744,1.45858830084767,2.14705719919056,2.09175217326163,1.72248028842581,..
Trade (% of GDP),NE.TRD.GNFS.ZS,Austria,AUT,46.5097584886874,44.9072370695355,45.6180901534569,46.2846929359315,46.9855812470221,48.2393149536368,48.9255425298678,48.3085412151414,49.013881174705,52.7252596626323,54.8372030133037,54.3573863748993,54.2729175612174,54.4335731090126,59.5420231888964,56.5750708568407,59.889973454852,60.2503082321647,59.6421952545337,63.2898364560864,66.7953478901484,68.3666692632726,64.0897826568728,62.4451757774548,66.546452002589,70.0534780547747,63.9875686983372,62.8271749391071,66.5342768889957,70.5083703350867,71.4581549462071,70.0184724905984,67.6010639433031,63.2382041342505,65.9585354302714,68.2272877193231,70.0496129962779,74.8284264789977,76.8842660436052,78.2130715546652,85.3095795595714,87.4679605603136,86.7940454950052,86.1700509862614,90.6179479068676,93.7670222847164,97.7364165220912,100.239768598952,101.48833114545,86.2478068456342,99.0197962369563,105.102788629725,105.152177427838,104.066414086373,103.528973020149,102.136010417855,101.167012721198,..
Trade (% of GDP),NE.TRD.GNFS.ZS,Belgium,BEL,76.3013658733824,78.8184721341105,81.1576432460471,84.3825837561852,85.3268781038424,83.9900692062356,88.0357457342498,84.9542938596995,89.2725658349821,96.4912899323802,87.0758025041546,84.9490549800667,84.5787180649479,93.4462479046126,104.495768978865,90.8501180613793,96.1032781185445,94.9763496102847,91.6365514233163,100.831741990439,102.306683920574,109.417686161341,117.06390427629,119.509460317824,127.286436050737,122.963339106446,111.494554813514,109.105628431747,115.55989903239,124.011913158749,120.56967271465,117.712773234039,114.215711339517,108.201663534969,112.388936950299,115.511365408443,118.060093802792,124.366693263271,123.484495687655,123.99724026107,141.079071496619,138.694465221206,135.124884981773,131.990312645394,136.037833248748,143.376220942029,147.693901435153,151.163621858795,158.908045084263,136.356757863313,151.100176526737,162.753665660528,163.994977033554,162.218643125169,164.615444572186,160.172836053048,164.400479945084,..
Trade (% of GDP),NE.TRD.GNFS.ZS,Bulgaria,BGR,..,..,..,..,..,..,..,..,..,..,..,..,..,..,..,..,..,..,..,..,66.3964173548912,70.1610468042275,67.4993968221142,74.0878629932986,78.3773116646511,85.9973677186588,83.5035643944016,83.4076531631779,91.4617513059035,94.578970772527,69.847060845197,82.6823876197495,100.049800796813,84.0414854466377,90.7201293759513,101.827166456687,104.368007570909,87.3932411117173,79.1500960073253,90.9577696695834,78.3236193652845,79.3504901544108,75.4651411223633,79.2771072987398,93.2895451373716,99.8734424462008,111.291414173686,122.613849163251,124.844857942792,92.9411023225034,103.207384762541,117.761966915699,124.776324554891,129.714842447284,130.967908582605,128.066637324589,123.643921856923,..
Trade (% of GDP),NE.TRD.GNFS.ZS,Croatia,HRV,..,..,..,..,..,..,..,..,..,..,..,..,..,..,..,..,..,..,..,..,..,..,..,..,..,..,..,..,..,..,..,..,..,..,..,63.5058793909904,67.9889954366008,75.5462764999275,65.7634043899791,66.9676942845099,76.0569443207943,80.844773569577,83.2189940485638,85.2191435323629,84.9248776626855,84.7278406756702,86.0656735371686,85.2684563687904,84.9946412615144,72.7617958600594,75.8976304659573,81.2732194110578,82.6755787560354,85.5963043573262,90.8490674136754,95.0511574089155,96.2807571139683,..
Trade (% of GDP),NE.TRD.GNFS.ZS,Cyprus,CYP,..,..,..,..,..,..,..,..,..,..,..,..,..,..,..,92.1789863419375,112.368983807243,115.575508573482,105.251727916103,108.447116991234,108.325662982717,113.573064942897,115.162457079526,114.383740267896,121.758629672952,107.569824976944,93.4599276130589,97.5564563233101,101.583242519928,111.334126422912,108.608208716902,104.179904915897,110.097007340814,95.4163753507475,95.7761516051877,134.387382999171,140.851711026616,139.76492120463,134.910680142038,131.211634619293,137.496413531399,131.848934318145,123.640652155922,114.004692574234,113.904533681545,111.917522208628,109.806441299081,111.275083849696,112.946964116595,102.801831472407,107.690872820539,108.788663581858,108.369549043854,115.473112648494,122.064194389381,128.943749295457,131.389708925369,..
Trade (% of GDP),NE.TRD.GNFS.ZS,Czech Republic,CZE,..,..,..,..,..,..,..,..,..,..,..,..,..,..,..,..,..,..,..,..,..,..,..,..,..,..,..,..,..,..,63.8063915958096,71.6182599927635,78.8951160454185,79.134572964316,75.6995856021595,83.8949552049328,81.4932504446358,85.0741681450944,84.6886095670449,86.2612529248574,98.2331208001368,99.3099739945622,91.5259818230906,95.0151972222993,113.868335225069,122.015258515417,127.632502637499,130.372902700621,124.288831562303,113.492768818716,128.967077051047,138.784978264669,147.537458939997,147.978174425006,158.726956742669,156.099863722896,151.598767294333,..
Trade (% of GDP),NE.TRD.GNFS.ZS,Denmark,DNK,66.6322734324044,62.3393037033325,61.1243865612386,61.1942486568197,62.4801730870475,60.8372776984055,59.3351573013005,57.3370432495437,57.3598790577062,57.9455106144874,57.1346024706011,55.6746345318056,53.2211410414434,57.8397568650655,64.6615819100498,59.7005684212337,61.0073442910106,60.2827363525338,57.0529054275303,60.8478728892995,65.455711106898,70.7448160079858,70.8385645948222,69.6329046136203,70.9085829947609,72.0872649501849,64.7973394888058,61.352944241723,63.7553288320023,67.0449318149182,67.2901980814838,69.1465171562325,67.001908963461,65.6049871508488,67.7805788061042,68.5145824871223,68.4712837216826,71.1684286847292,71.2991193840073,72.6971996446295,82.983950706603,83.9685868149784,84.5569397654777,80.8817255042801,82.2077807385254,89.399766958557,97.366697181173,100.067861137709,104.828223617379,89.7550319572765,94.0999797893453,101.245740053085,103.240999217943,103.050147770845,102.263920471036,104.058935192402,100.974122466919,..
Trade (% of GDP),NE.TRD.GNFS.ZS,Estonia,EST,..,..,..,..,..,..,..,..,..,..,..,..,..,..,..,..,..,..,..,..,..,..,..,..,..,..,..,..,..,..,..,..,..,..,..,143.199538241939,134.095635423038,153.680464299774,158.42896511035,144.871763313331,126.513531193199,126.650968812222,124.091364253749,123.278054748719,130.912750625614,136.916600732803,137.121408242474,135.265677640421,137.522953096137,116.649645201599,143.800151545203,167.349949217147,170.428334269953,165.79450131349,162.314150890323,153.210232763911,154.102849661032,..
Trade (% of GDP),NE.TRD.GNFS.ZS,Finland,FIN,43.3504665030242,41.3912952082173,41.3582384698107,38.4806586956932,40.1685661285452,40.0569308252083,39.3287643183973,38.3132564956308,41.5364907443325,44.9820990066287,49.3846910419816,47.4072297388356,47.7548605987513,48.4717251472445,55.173929890715,50.2952150476094,49.2315135968167,52.3510959037745,52.5868763215572,58.0703964693199,62.9000653167864,61.5530004725154,57.5377647031356,57.3739275999163,56.5591237055591,55.2697949729776,49.9458080969079,49.4531446030317,48.138207780702,47.8534604149938,45.8158444127019,43.4569122145305,50.2003488426908,58.1377991323413,62.4151683412656,64.0691586509193,65.7368214775622,68.2638299409417,67.018324998754,66.2362219613466,74.994312385789,70.2659290901916,69.2903721786512,68.0376594158436,70.9913741426201,76.6277138703182,82.1827893450126,83.1759422029756,86.5118656142398,70.5312408509134,76.089791555318,79.1699048605926,80.4057199201173,78.5136078844092,75.3744999367317,73.459953054331,72.8075338434373,..
Trade (% of GDP),NE.TRD.GNFS.ZS,France,FRA,26.9654549545011,26.2579964342359,24.9498746402477,25.0628561336022,25.6863055867558,25.8033546001833,26.537151928557,26.2489789174584,26.6357421629424,28.8136286937171,31.1326963485708,31.7327306197005,32.2170165633315,34.1632387962763,42.0823396689848,36.4528397565923,39.3627176668093,40.390259121917,39.1902868746961,40.7803620158726,43.2379178793101,45.1114285881803,44.9604729637794,44.8323876865763,47.21481635966,46.6800524385642,40.5758240468348,39.97350629836,41.0756323135122,43.6753478650999,42.4252357062497,42.6669291740497,41.6571886481927,39.5715270932529,41.4751189578074,43.2720228381663,43.9365344135986,47.5813220962055,49.0057227975766,49.2330056477997,55.2593645875623,54.3166676269836,52.4155109050662,50.1319744625445,51.1967780401693,53.1520143026606,55.1872450111074,55.5477033618239,56.5238369616955,49.5678480384649,53.9684390294429,58.1690043723935,59.2003848717422,59.0988041163812,59.7918894919885,60.8520569508482,60.4691552665783,..
Trade (% of GDP),NE.TRD.GNFS.ZS,Germany,DEU,..,..,..,..,..,..,..,..,..,..,31.8155483722306,30.9459003050632,30.8344370581945,31.8077841214888,37.074439055349,36.0255816499697,38.4972486719417,38.2301505974497,37.3036255570964,39.3552100939341,41.9938930471203,44.3302124753721,44.5349453242277,43.7201739789873,46.3959011796766,48.0736790945183,43.085752999907,41.8264475858919,42.6662605609414,45.3646253285851,46.0141918466429,47.9745537409799,45.0500200552108,40.644305281519,42.0729501882215,43.5447210987529,44.9967295153453,49.6010350314424,51.5828721206206,53.3694451977839,61.3899965981252,61.9777966373833,60.7730085231002,61.5191344456056,65.8561097849926,70.421190337526,77.0821685991852,79.3705311491587,80.9449046351308,70.6650462548978,79.3030782229871,84.7477359495694,85.8747543741344,84.83642578125,84.4856724876981,85.755786637754,84.2672667419411,..
Trade (% of GDP),NE.TRD.GNFS.ZS,Hungary,HUN,..,..,..,..,..,..,..,..,..,..,..,..,..,..,..,..,..,..,..,..,..,..,..,..,..,..,..,..,..,..,..,58.2710457850948,55.35592533148,53.4749030083565,56.3703873526934,78.2640717810733,83.1866331651518,94.7509508060129,107.209985089616,113.726208050693,136.990371738763,130.697897819683,117.95138503124,116.428384300513,122.982849289836,127.353678299707,149.052826370595,155.20008517063,158.207962673611,144.781390101437,158.352697867102,167.38804373993,166.125856222689,164.343533095777,168.923830422783,171.565870171142,168.992646029172,..
Trade (% of GDP),NE.TRD.GNFS.ZS,Greece,GRC,24.6710311475011,24.5189702240667,25.3969577561724,26.7330632895555,26.926352538859,27.9983929303089,28.6438713248247,27.3931715597711,26.7293939874267,27.1472143795091,23.1099432945152,23.3191999373868,25.317664166809,31.7303507050904,35.4769068062614,35.3229907141739,34.8786922444993,34.6615836934354,33.1365956643507,35.5322117114342,44.5858238010235,47.1403354745787,41.8515323822009,41.1755423934634,40.8984853797075,40.3879757055887,42.6520449558576,42.3183569569429,39.6132347161484,40.7838553083406,40.1283071274251,38.5927873229398,38.8225929412009,37.0258986062577,36.1631218934692,37.1078807984061,37.4962334395069,39.2742287484754,42.2682802501338,47.3775984365774,58.4156775406902,56.1399692678095,50.3489962575686,48.1900537175606,49.8984415953514,50.9008641205698,52.8502386406672,57.5243742223839,59.3297157210787,47.7438465419344,52.8290979327057,57.8446200446513,61.8177666440886,63.5191424472248,67.1494536906228,63.3936164816987,61.6398690189873,..
Trade (% of GDP),NE.TRD.GNFS.ZS,Italy,ITA,25.3605931414917,25.6554508354128,25.8755409575001,26.5084657772743,25.53170551103,26.4162308524716,27.7056058298763,27.9617832066279,28.5140999078899,30.3906037756984,30.1912584220186,30.4894422046465,31.9205398429225,34.1691483393825,40.9279674122288,37.5152662444838,41.3185519551361,41.937956135554,41.3949819522803,43.8446589686697,43.1044474142936,45.4209512581164,43.6417915602755,40.313096532106,42.5659193832669,42.7680261645398,36.274427598017,35.6718027051722,35.2188914358889,37.1665167474519,36.4332635799018,33.9824506258543,35.0208955815969,37.8752992301677,40.5793871066172,45.8249854769126,42.9828399542971,44.6817471307566,45.2099802774021,44.7251705646909,50.4745186728631,50.208223912999,48.1984169644958,46.2686386863224,47.5436435914844,49.4138148269597,53.292274830165,55.2136471865318,54.7180076742909,45.6091167384025,52.3455973754055,55.582987559596,56.1848797314762,55.4665897544128,55.7597689815536,56.9220625910712,56.3510378458443,..
Trade (% of GDP),NE.TRD.GNFS.ZS,Latvia,LVA,..,..,..,..,..,..,..,..,..,..,..,..,..,..,..,..,..,..,..,..,..,..,..,..,..,..,..,..,..,..,..,..,..,..,..,73.87676271138,89.9170971630313,88.471121538919,90.4436508681137,79.8714376546922,81.752907834797,86.493976769262,83.2986584574345,84.7807482969911,93.7133509981055,100.833397562092,100.618599561276,95.9230193431634,92.0013789855011,86.8264215410616,108.788986837409,120.611250854009,127.065798888064,124.158110025073,122.927193787256,121.317923231615,119.18225959261,..
Trade (% of GDP),NE.TRD.GNFS.ZS,Lithuania,LTU,..,..,..,..,..,..,..,..,..,..,..,..,..,..,..,..,..,..,..,..,..,..,..,..,..,..,..,..,..,..,..,..,..,..,..,84.9168977678961,93.1743540926612,100.009375369424,89.6518082023317,74.8126693256546,83.2742947401989,93.5501806330894,100.359881587934,98.1259502026114,101.730610125854,114.916938939763,121.504193432115,113.841429303506,125.849417078669,105.558582059234,132.561782049621,152.541265184862,162.386065783719,166.873793382022,160.129279362399,152.153274530518,147.610119047965,..
Trade (% of GDP),NE.TRD.GNFS.ZS,Luxembourg,LUX,157.748135824842,164.152250885736,155.977294228686,152.089719672038,154.376569504599,158.104811717028,150.086710694351,147.120048888798,149.041617171524,152.254248582133,156.672474257827,163.791134703464,151.647905301309,157.897912214941,175.450583654262,171.450758019316,161.839062262069,161.01933356343,157.597772068005,168.756184975624,168.525203389274,166.939500037453,170.287794546544,170.974699772782,190.185735111569,201.132542740992,183.574500921306,182.467729990123,183.929892860934,185.991468847137,182.86894856142,183.690727697904,177.769141680833,176.667949910708,180.950603784565,184.615134976502,190.432181126353,210.582263607924,232.890088784925,239.216927815784,271.950966356649,271.344448796917,258.843148263393,254.101052437033,281.208393928219,297.772974229331,320.598261765662,332.50484932692,343.561828330302,295.972806200216,316.161400227568,323.449607347643,341.862022195953,349.241939063509,382.291461929498,410.171637092446,407.431103804097,..
Trade (% of GDP),NE.TRD.GNFS.ZS,Netherlands,NLD,95.8875039749135,93.063762262793,91.4720077914338,92.7452941601509,91.2954842587883,85.7964651995363,84.208825838531,81.3597140757436,81.4302331657933,84.629134512644,86.8838597104108,85.8073583005392,83.1176288695223,86.6041988145881,96.5305483989652,90.9131734451953,93.2535224794988,90.1319721732693,86.8741629874677,95.0292982464702,100.336084375055,105.413679614773,105.046947584215,105.357361206823,111.113618401608,115.071794694469,97.6318050676264,96.1642263495258,100.499777206114,106.583150189927,104.568224393955,105.650252515183,102.524165123584,99.4528190257945,103.483137227997,108.37582720899,109.128822984245,114.882686095227,113.344977717273,115.136270062048,126.451978636837,120.986540688405,114.710384812164,112.654760189551,119.148221453261,124.553847168943,129.825866867399,131.721888859901,134.658608211051,118.98047090067,135.545009437667,146.173216638229,154.270852062421,153.324406968692,154.288485206815,156.296738492692,153.888828007475,..
Trade (% of GDP),NE.TRD.GNFS.ZS,Poland,POL,..,..,..,..,..,..,..,..,..,..,..,..,..,..,..,..,..,..,..,..,..,..,..,..,..,..,..,..,..,..,45.2796760147881,44.1824853966746,41.394287700777,40.5221838845432,40.7398253603957,43.6783943507513,45.4756482739749,50.4738450924214,56.6605452514483,54.0215391059088,60.7907024063226,58.0751947177794,60.9244563092064,69.4373056872318,71.2131669706836,70.2749609275615,77.7913937245753,80.6620046227492,80.7544540767253,75.2259132726234,82.1083264489399,87.082722756353,89.327462141553,90.6918664127781,93.7329373886842,95.9473533282353,100.472389175509,..
Trade (% of GDP),NE.TRD.GNFS.ZS,Portugal,PRT,33.4775236233388,36.0524886143806,34.2253828493223,35.8807446539982,46.0262967956667,48.3339531461499,48.2452358081908,47.0965716232516,45.4948659765489,44.0157768087661,43.2081224228401,44.6685975676484,46.2266886613462,47.2312838411103,53.9348988165142,41.5280818336654,37.7099645940842,40.5232575269443,41.1254553440222,50.7270687382793,54.2286755222862,55.569503533819,55.7555212427823,58.9204261697896,64.4040715109832,61.5086617802629,54.0132510546644,59.5684156598238,63.1915685574034,64.8608141001867,65.0475085582684,60.3591287100343,56.3003265260009,54.1685401539278,57.1702836526763,59.9070322422103,60.2082250457434,62.2873146579535,63.8106832010488,63.2931829068912,67.4233901255275,65.0640677962159,62.1610538054401,60.4382672080898,62.7629806669567,62.5718057280122,68.0730362336936,69.6530798312034,71.963328063325,61.0822773378283,67.3048494042777,72.8638805710354,75.9289614710258,78.0273442908481,79.9597559623838,80.2229566172975,79.1371566790163,..
Trade (% of GDP),NE.TRD.GNFS.ZS,Romania,ROU,..,..,..,..,..,..,..,..,..,..,..,..,..,..,..,..,..,..,..,..,..,..,..,..,..,..,..,..,..,..,42.9070987294556,39.1351694722991,63.9902474623499,51.003703370966,51.8670700671661,55.9523032115663,60.3794652593013,62.7402283458743,53.4772491203208,59.9265673385076,70.7125042909716,73.4969643497015,76.0492039572823,76.512506722895,80.2141608602455,75.9276433377122,76.0526310480879,72.5920538500289,67.1199627299368,61.1534097987397,70.7445721528633,79.2578161774647,79.9016674244622,80.2721756482016,82.8234678892382,82.6493053825921,83.7106499818247,..
Trade (% of GDP),NE.TRD.GNFS.ZS,Slovak Republic,SVK,..,..,..,..,..,..,..,..,..,..,..,..,..,..,..,..,..,..,..,..,..,..,..,..,..,..,..,..,..,..,58.3416749819773,89.90857517864,136.203529140257,114.80010310895,111.132164974772,111.238295992162,115.223276415405,119.540843822318,103.922194424081,99.3564855116238,110.69943166237,123.615640077874,122.196134844134,126.282994543616,140.161823707054,148.67939743123,166.031100399692,167.670854904699,162.920929761002,136.701526970102,154.123059806721,171.007872957736,179.193878843241,183.405464372307,180.278818457979,184.327740858989,185.747109389577,..
Trade (% of GDP),NE.TRD.GNFS.ZS,Slovenia,SVN,..,..,..,..,..,..,..,..,..,..,..,..,..,..,..,..,..,..,..,..,..,..,..,..,..,..,..,..,..,..,..,..,..,..,..,93.4633009953227,93.6277902329863,96.3260833934508,96.775018227071,92.6291041468671,103.67912271171,104.538694238516,103.327149013789,102.108466766251,111.377108700197,119.797480526799,129.438621391143,136.491964495636,134.144353049272,112.616536910071,127.141330167444,138.912301308299,142.031251402418,143.474867534813,144.227959008901,145.39663702532,146.152219504331,..
Trade (% of GDP),NE.TRD.GNFS.ZS,Spain,ESP,15.2680526518454,16.5738579409299,18.4227807217947,18.4923453291345,20.1953893064895,21.339131482055,22.4491043901193,20.4347228294671,23.1690212865005,24.4614859064338,25.8499835480875,25.9287886400268,27.2146600553767,28.1388966248621,31.7185343975355,29.1090517334833,30.0997697037556,29.1926121980085,27.7617411939919,27.871061397348,31.5916735996418,35.4168495107948,36.5674274315524,39.8151110411926,41.599692925074,40.9232996201669,35.3974101432591,36.3646225041333,36.7543485799745,37.4187119446568,35.6429965830852,35.5113418967612,36.012533326518,36.9930776907673,41.6956042634468,44.8302662315468,46.3284234167773,51.2922522772942,52.8642232899311,54.7380518108212,60.237833655706,58.0741585754966,54.9828637319695,53.1113716470518,54.2124631422535,54.335103582121,55.6592729574374,57.406456471877,55.7579341082667,46.4972031004993,52.3435729252915,58.0860928451519,59.9311415973034,61.1796122231506,62.9964733768862,63.6103955748066,62.8760095912284,..
Trade (% of GDP),NE.TRD.GNFS.ZS,Sweden,SWE,46.4410915413769,44.0345245598717,43.2973363185707,43.4608716676719,44.2155724224122,44.4004541560109,43.355038331488,42.0983553264323,43.14854906935,45.8814591536233,45.113127403313,43.9848509962816,43.3933762734907,48.20320592398,60.3124128758848,52.2805725663072,52.7015249323925,52.2144510602368,51.302371764564,57.1847926505907,56.8963784923564,56.7731391386841,61.7747301881333,65.5012480381608,65.3894602395781,65.1878875935385,59.3388383742419,59.7794689980195,59.4408364011394,60.1322923686009,56.8568113385071,52.0474753831956,51.7245097663743,59.2405994378664,64.9268272269557,69.6271213795989,67.4887747311758,73.1542876329509,75.743846052662,76.0093822027711,82.3274062136872,81.2762042346447,77.8635622886085,76.1481277306807,79.2938257433296,84.5739697153974,88.7894830757892,89.5397799186122,93.3591313493716,83.1433029375927,86.9028469934892,88.6615268870312,87.7150184541902,83.0936767969731,85.7506528078357,86.2408032648707,83.7076218181884,..
Trade (% of GDP),NE.TRD.GNFS.ZS,United Kingdom,GBR,41.8006506136201,40.1351521906598,39.0443735638117,39.0464984503246,39.156472329516,37.9056130476123,37.6527939698256,37.9907331660299,42.1957976971383,42.555612002484,41.9020164918918,41.5541074597437,40.5230957768831,46.2486878133191,57.2682033952122,51.4211765836338,55.9612898416377,57.4230823652663,53.5742485570583,53.2634327256589,49.9884744361304,48.1146897077132,48.3365859830266,49.5108999972136,53.9941984343385,53.5420482569226,49.2412827343162,48.6263338852763,46.1693200904487,47.4544955446663,47.0283292592009,44.1609541087032,45.1278209976643,48.4802570457262,50.5617218154687,50.0457377607171,51.3052183263217,50.183547287286,48.2615054789439,48.7641837668355,51.5308994051221,51.7804845787212,50.34232236783,49.4715730742953,49.511369820875,51.9389982299302,55.8255064283689,52.2020871229008,56.4678940798122,54.4446812628143,59.0339627705195,62.560013014797,61.4442581851088,61.3500639637923,58.4999853026191,56.4764707844448,58.5823132453289,..
"Government expenditure on education, total (% of government expenditure)",SE.XPD.TOTL.GB.ZS,Austria,AUT,..,..,..,..,..,..,..,..,..,..,..,..,..,..,..,..,..,..,..,..,..,..,..,..,..,..,..,..,..,11.2860403060913,11.5131101608276,11.7502098083496,11.7597103118896,11.0731801986694,..,10.5061197280884,9.7409496307373,..,11.2919502258301,12.1505699157715,11.0332202911377,10.8563203811646,10.5323295593262,10.7396202087402,9.87333011627197,10.2618503570557,10.3745803833008,10.4522895812988,10.5551500320435,10.583930015564,10.7891302108765,10.9884901046753,10.7023601531982,10.8725500106812,10.4133100509644,..,..,..
"Government expenditure on education, total (% of government expenditure)",SE.XPD.TOTL.GB.ZS,Belgium,BEL,..,..,..,..,..,..,..,..,..,..,..,..,..,..,..,..,..,..,..,..,..,10.2705097198486,9.24833011627197,..,..,..,8.60583019256592,8.18000984191895,8.16213035583496,..,..,..,..,10.1757297515869,10.2769804000854,5.82660007476807,5.8946099281311,..,..,..,..,11.8794803619385,12.013279914856,11.6037302017212,11.8671703338623,11.1742000579834,12.0553703308105,12.1240301132202,12.513090133667,11.8478803634644,12.0143899917603,11.714879989624,..,11.9073400497437,11.9583501815796,..,..,..
"Government expenditure on education, total (% of government expenditure)",SE.XPD.TOTL.GB.ZS,Bulgaria,BGR,..,..,..,..,..,..,..,..,..,..,..,..,..,..,..,..,..,..,..,..,..,..,..,..,..,..,..,..,..,..,..,..,..,..,..,..,..,..,8.95102024078369,..,..,9.27773952484131,9.65431976318359,11.1802501678467,6.70300006866455,12.0725202560425,12.010479927063,11.113920211792,12.6122598648071,12.6567497253418,11.1634197235107,11.1000499725342,10.6909198760986,11.4398002624512,..,..,..,..
"Government expenditure on education, total (% of government expenditure)",SE.XPD.TOTL.GB.ZS,Croatia,HRV,..,..,..,..,..,..,..,..,..,..,..,..,..,..,..,..,..,..,..,..,..,..,..,..,..,..,..,..,..,..,..,..,..,..,..,..,..,..,..,..,..,..,7.97328996658325,8.21189975738525,8.11905956268311,..,..,8.83160972595215,9.54932022094727,9.22725963592529,8.95827960968018,8.51583957672119,..,9.49458980560303,..,..,..,..
"Government expenditure on education, total (% of government expenditure)",SE.XPD.TOTL.GB.ZS,Cyprus,CYP,..,..,..,..,..,..,..,..,..,..,..,..,..,..,..,..,..,..,..,..,..,..,..,..,..,..,..,..,..,..,..,..,..,..,..,..,..,..,..,13.9041204452515,14.2683095932007,14.3215703964233,14.914210319519,16.515230178833,15.8329801559448,15.8393602371216,16.1796207427979,16.72047996521,17.5907497406006,17.2012500762939,15.7348003387451,15.5815801620483,..,15.4659900665283,15.5337800979614,..,..,..
"Government expenditure on education, total (% of government expenditure)",SE.XPD.TOTL.GB.ZS,Czech Republic,CZE,..,..,..,..,..,..,..,..,..,..,..,..,..,..,..,..,..,..,..,..,..,..,..,..,..,..,..,..,..,..,..,..,..,..,..,..,9.48474025726318,..,8.63671016693115,8.99874973297119,9.07353019714355,8.83911037445068,8.98810005187988,8.55482006072998,9.53954029083252,9.3231201171875,10.3533697128296,9.69915962219238,9.34463977813721,9.58393001556396,9.48040962219238,9.92718029022217,9.55685043334961,9.60243988037109,9.45779991149902,..,..,..
"Government expenditure on education, total (% of government expenditure)",SE.XPD.TOTL.GB.ZS,Denmark,DNK,..,..,..,..,..,..,..,..,..,..,..,..,..,..,..,..,..,..,..,..,..,..,..,..,..,..,11.4156999588013,12.2943000793457,12.4099397659302,11.1860599517822,..,10.601300239563,..,13.8773698806763,13.4795303344727,13.1482095718384,14.1424798965454,..,14.6343698501587,14.5437097549438,15.3441495895386,15.5485401153564,15.4338798522949,15.1417503356934,15.4868602752686,15.7793397903442,15.5126399993896,15.3566999435425,14.8302602767944,14.9441699981689,15.1033401489258,15.0362596511841,12.4887104034424,15.2174396514893,13.8280801773071,..,..,..
"Government expenditure on education, total (% of government expenditure)",SE.XPD.TOTL.GB.ZS,Estonia,EST,..,..,..,..,..,..,..,..,..,..,..,..,..,..,..,..,..,..,..,..,..,..,..,..,..,..,..,..,..,..,..,..,..,..,..,..,19.8768291473389,17.8577499389648,16.1682891845703,16.5072593688965,14.8104400634766,15.0583801269531,15.2868299484253,15.1878299713135,14.4886598587036,14.5233497619629,..,13.8777704238892,14.1512699127197,13.4590301513672,13.6427898406982,13.4062004089355,11.9912004470825,12.5843496322632,14.2566299438477,..,..,..
"Government expenditure on education, total (% of government expenditure)",SE.XPD.TOTL.GB.ZS,Finland,FIN,..,..,..,..,..,..,..,..,..,..,..,..,..,..,..,..,..,..,..,..,..,12.4537401199341,12.0560998916626,11.6597099304199,10.9062700271606,11.5601501464844,11.1058502197266,11.2180204391479,11.2560997009277,11.4568099975586,12.075309753418,12.8585996627808,11.4065999984741,12.4458799362183,11.4180402755737,11.9016399383545,11.8466701507568,..,..,11.7600603103638,12.1709203720093,12.6344499588013,12.6825304031372,12.7759704589844,12.7789602279663,12.2496995925903,12.2838201522827,12.1499500274658,12.1154003143311,11.8433198928833,11.9454898834229,11.9188804626465,12.7972898483276,12.4455099105835,12.3182802200317,..,..,..
"Government expenditure on education, total (% of government expenditure)",SE.XPD.TOTL.GB.ZS,France,FRA,..,..,..,..,..,..,..,..,..,..,..,..,..,..,..,..,..,..,..,..,..,11.5465097427368,11.4282197952271,10.7602500915527,10.4668102264404,10.1020402908325,9.71761989593506,9.40361976623535,9.6177396774292,9.52954006195068,9.68941020965576,10.0625295639038,9.62147998809814,10.4854097366333,10.5844297409058,11.0101099014282,10.8611402511597,..,10.8114099502563,10.8444795608521,10.7899503707886,10.5770702362061,10.3428897857666,10.8421497344971,10.732310295105,10.4009199142456,10.3673000335693,10.4259901046753,10.2736101150513,10.1098804473877,10.0691299438477,9.86394023895264,9.60978031158447,9.66187953948975,9.66250038146973,..,..,..
"Government expenditure on education, total (% of government expenditure)",SE.XPD.TOTL.GB.ZS,Germany,DEU,..,..,..,..,..,..,..,..,..,..,..,..,..,..,..,..,..,..,..,..,..,..,..,..,..,..,..,..,..,..,..,..,..,9.65102005004883,9.46263027191162,9.57159042358398,8.32048988342285,..,9.33901023864746,..,..,..,..,..,..,..,9.57415962219238,10.1431398391724,10.119930267334,10.2582397460938,10.3981103897095,10.7533102035522,11.1372995376587,11.043080329895,11.1336402893066,..,..,..
"Government expenditure on education, total (% of government expenditure)",SE.XPD.TOTL.GB.ZS,Hungary,HUN,..,..,..,..,..,..,..,..,..,..,..,..,..,..,..,..,..,..,..,..,..,..,..,..,..,..,..,..,..,..,..,..,..,..,..,..,9.5991096496582,..,8.69979953765869,9.38613033294678,10.3236103057861,10.4550695419312,10.1791496276855,11.8297700881958,11.0059003829956,10.8005695343018,10.3277101516724,10.3381700515747,10.2705602645874,9.8643798828125,9.68552017211914,9.30432033538818,..,8.55436038970947,9.50568008422852,..,..,..
"Government expenditure on education, total (% of government expenditure)",SE.XPD.TOTL.GB.ZS,Greece,GRC,..,..,..,..,..,..,..,..,..,..,..,..,..,..,..,..,..,..,..,..,..,8.38179016113281,7.66136980056763,7.11834001541138,7.5485200881958,..,6.48870992660522,6.20449018478394,6.77641010284424,7.18171977996826,7.19843006134033,6.2920298576355,..,..,..,..,..,..,6.4066801071167,6.56005001068115,6.95776987075806,7.31652021408081,7.47715997695923,7.36040019989014,7.70182991027832,8.70020961761475,..,..,..,..,..,..,..,..,..,..,..,..
"Government expenditure on education, total (% of government expenditure)",SE.XPD.TOTL.GB.ZS,Italy,ITA,..,..,..,..,..,..,..,..,..,..,..,..,..,..,..,..,..,..,..,..,..,..,..,..,..,..,..,..,..,..,..,..,..,8.71679019927979,8.23960971832275,8.59517002105713,9.11614036560059,..,9.23890018463135,9.54946994781494,9.44847011566162,9.82544040679932,9.50514030456543,9.64083957672119,9.38801002502441,9.0137300491333,9.52719020843506,8.80193042755127,9.20516967773438,8.8671703338623,8.72395038604736,8.39237976074219,..,8.1595401763916,8.00669002532959,..,..,..
"Government expenditure on education, total (% of government expenditure)",SE.XPD.TOTL.GB.ZS,Latvia,LVA,..,..,..,..,..,..,..,..,..,..,..,..,..,..,..,..,..,..,..,..,..,..,..,..,..,..,..,..,..,..,..,..,..,..,..,..,..,..,15.6643295288086,14.0959396362305,14.6014795303345,15.8775196075439,16.3701801300049,15.3767595291138,14.5018100738525,..,13.9116296768188,14.0670499801636,14.7630996704102,13.0251398086548,11.8090295791626,12.7153100967407,17.7365493774414,18.7440204620361,13.9723701477051,..,..,..
"Government expenditure on education, total (% of government expenditure)",SE.XPD.TOTL.GB.ZS,Lithuania,LTU,..,..,..,..,..,..,..,..,..,..,..,..,..,..,..,..,..,..,..,..,..,..,..,..,..,..,..,..,..,..,..,..,..,47.2787399291992,21.9346008300781,20.6573600769043,18.3226795196533,16.7170104980469,16.6129398345947,..,..,16.670280456543,17.4650993347168,15.9309797286987,15.5721302032471,14.5795602798462,14.2896499633789,13.3259401321411,13.052960395813,12.7776098251343,12.8588199615479,12.336350440979,13.5359697341919,13.2880201339722,13.1901397705078,..,..,..
"Government expenditure on education, total (% of government expenditure)",SE.XPD.TOTL.GB.ZS,Luxembourg,LUX,..,..,..,..,..,..,..,..,..,..,..,..,..,..,..,..,..,..,..,..,..,..,..,..,..,..,..,..,..,..,..,..,..,..,..,..,8.68914031982422,..,..,..,..,9.30210971832275,..,..,..,..,..,..,..,..,..,..,9.28219032287598,..,9.56604957580566,..,..,..
"Government expenditure on education, total (% of government expenditure)",SE.XPD.TOTL.GB.ZS,Netherlands,NLD,..,..,..,..,..,..,..,..,..,..,..,..,..,..,..,..,..,..,..,..,..,11.8693599700928,11.2470798492432,10.4022903442383,9.7677001953125,10.5603904724121,10.8004302978516,11.265040397644,10.5304698944092,..,10.9680595397949,10.7191696166992,..,9.48748970031738,9.49495983123779,9.71951007843018,8.86660957336426,..,10.4263200759888,10.4855499267578,11.0756301879883,11.0171403884888,11.0992002487183,11.404709815979,11.7214002609253,12.1934900283813,11.8304395675659,11.6249599456787,11.6920204162598,11.4106502532959,11.542929649353,11.7650098800659,11.6266202926636,12.0861101150513,11.9754295349121,..,..,..
"Government expenditure on education, total (% of government expenditure)",SE.XPD.TOTL.GB.ZS,Poland,POL,..,..,..,..,..,..,..,..,..,..,..,..,..,..,..,..,..,..,..,..,..,..,..,..,..,..,..,..,..,..,..,..,..,..,..,..,16.7959098815918,..,11.2788095474243,10.891900062561,11.8987197875977,11.8607196807861,11.9184904098511,11.6725301742554,12.3160600662231,12.2510404586792,12.6951999664307,11.2919301986694,11.4063596725464,11.1028699874878,11.0646495819092,10.9865703582764,11.2325801849365,11.5999298095703,11.6255598068237,..,..,..
"Government expenditure on education, total (% of government expenditure)",SE.XPD.TOTL.GB.ZS,Portugal,PRT,..,..,..,..,..,..,..,..,..,..,..,..,..,..,..,..,..,..,..,..,..,..,..,..,..,..,..,7.2084698677063,8.99693012237549,9.86336040496826,10.2624397277832,11.0105104446411,10.5779495239258,10.5233097076416,10.9102602005005,11.6508703231812,12.5925798416138,..,..,11.8566303253174,12.10435962677,12.0940103530884,12.0221500396729,11.6459503173828,10.9462099075317,10.8635396957397,10.84840965271,11.063759803772,10.3718299865723,11.0748100280762,10.4265604019165,10.2392301559448,10.1930303573608,10.5684795379639,9.89673042297363,..,..,..
"Government expenditure on education, total (% of government expenditure)",SE.XPD.TOTL.GB.ZS,Romania,ROU,..,..,..,..,..,..,..,..,..,..,..,..,..,..,..,..,..,..,..,..,..,..,..,..,..,..,..,..,..,..,..,..,..,..,..,..,14.7286500930786,..,..,..,8.18758010864258,9.84881973266602,10.9223499298096,11.1390600204468,9.84331035614014,10.8366804122925,..,12.0049600601196,..,11.0212898254395,9.12913036346436,8.33493041992188,8.43579006195068,..,9.23571968078613,..,..,..
"Government expenditure on education, total (% of government expenditure)",SE.XPD.TOTL.GB.ZS,Slovak Republic,SVK,..,..,..,..,..,..,..,..,..,..,..,..,..,..,..,..,..,..,..,..,..,..,..,..,..,..,..,..,..,..,..,..,..,..,..,..,9.58670043945313,8.52783012390137,..,8.59327030181885,7.44282007217407,8.87773036956787,9.41757011413574,10.5677404403687,10.8633098602295,9.46611976623535,9.58010959625244,9.7122802734375,9.54788970947266,9.09838008880615,9.7661600112915,9.70746994018555,9.62131023406982,9.86131000518799,10.0875301361084,10.2329502105713,..,..
"Government expenditure on education, total (% of government expenditure)",SE.XPD.TOTL.GB.ZS,Slovenia,SVN,..,..,..,..,..,..,..,..,..,..,..,..,..,..,..,..,..,..,..,..,..,..,..,..,..,..,..,..,..,..,..,..,..,..,..,..,..,..,..,..,..,13.81725025177,13.7252702713013,13.6959600448608,13.4990196228027,13.2905502319336,13.3197002410889,12.8966598510742,12.5490398406982,12.3041801452637,12.080189704895,12.0716800689697,12.6318397521973,9.99503993988037,11.2743196487427,..,..,..
"Government expenditure on education, total (% of government expenditure)",SE.XPD.TOTL.GB.ZS,Spain,ESP,..,..,..,..,..,..,..,..,..,..,..,..,..,..,..,..,..,..,..,..,..,..,..,..,..,..,..,8.82129955291748,9.61526012420654,10.3171300888062,10.1169500350952,10.0068597793579,9.70611000061035,10.021900177002,10.2413597106934,10.6316299438477,10.7087497711182,..,10.4872303009033,10.693920135498,10.6844501495361,10.712610244751,10.7089996337891,10.8875503540039,10.7262897491455,10.7814502716064,10.8887901306152,10.87619972229,10.9386701583862,10.6355199813843,10.5639801025391,10.625280380249,9.21535968780518,9.497389793396,9.54004955291748,..,..,..
"Government expenditure on education, total (% of government expenditure)",SE.XPD.TOTL.GB.ZS,Sweden,SWE,..,..,..,..,..,..,..,..,..,..,..,..,..,..,..,..,..,..,..,..,9.85581016540527,10.1913795471191,..,..,..,..,..,..,..,..,8.3370304107666,8.43002986907959,8.01222038269043,8.15380001068115,..,10.230429649353,11.3632297515869,..,12.6954898834229,12.427809715271,12.9232702255249,12.8076801300049,13.1322803497314,12.8358201980591,12.9694795608521,12.6780500411987,12.7211503982544,12.750940322876,12.94225025177,13.1633100509644,13.1990995407104,13.0883703231812,15.1167297363281,15.023980140686,15.2036800384521,..,..,..
"Government expenditure on education, total (% of government expenditure)",SE.XPD.TOTL.GB.ZS,United Kingdom,GBR,..,..,..,..,..,..,..,..,..,..,..,..,..,..,..,..,..,..,..,..,..,12.6442098617554,11.602219581604,11.4075603485107,11.2060098648071,10.4594202041626,10.2157897949219,10.5066499710083,10.7865104675293,11.1373195648193,11.165599822998,10.9114398956299,11.1935701370239,..,11.8886604309082,11.9690799713135,11.7559900283813,..,12.2497596740723,11.7945203781128,12.0523099899292,12.283670425415,13.5555400848389,13.6170597076416,12.9549798965454,13.1818799972534,13.1447496414185,13.0304002761841,12.954930305481,12.6250696182251,13.053279876709,12.7129201889038,..,12.9236297607422,13.6640300750732,13.8192501068115,..,..
Gross capital formation (% of GDP),NE.GDI.TOTL.ZS,Austria,AUT,..,..,..,..,..,..,..,..,..,..,31.1207218666121,31.1139774628146,32.0834856702205,32.3299789177749,32.6106187778334,27.2308689488566,28.5876423329454,29.7802662264417,26.5983293143362,29.4226357695306,28.8574075135354,26.9981191854204,24.6455303098398,23.1037318876789,23.8382484773253,24.5143094527634,23.7969087167181,24.1215743125241,25.6723198504488,26.540960235354,26.7603198455322,26.9691103354995,26.2724536333112,25.3133670608144,26.1515175629572,26.8344405359304,26.4218294554075,26.2653679642669,26.1556896755182,26.1463519014761,25.959409096578,25.156934530984,23.6221439262943,24.3809196193295,24.0275543963055,23.785497535905,23.5512142375351,24.4786664261316,24.3824224862917,22.6974647833342,22.6078471185073,24.1404744727559,23.9771068871648,23.7233900013028,23.5188746188329,23.5706008336827,24.1181440245785,..
Gross capital formation (% of GDP),NE.GDI.TOTL.ZS,Belgium,BEL,..,..,..,..,..,..,..,..,..,..,29.7027896073006,28.6014833009852,26.6008233824182,27.6364692757536,30.3401068171239,26.673637077385,27.0175148947042,26.6756802284023,26.462413782201,25.9979250408048,26.5963918811088,22.608091725085,21.6323679943246,18.7882505332972,19.8490773556255,19.0067626194835,18.5944527979779,19.6652105637333,21.8949580463763,23.5624370484943,24.3842204870996,22.8757817820757,22.6276457585112,21.9659831805809,22.0469877064831,21.8246463638348,21.6706399484307,22.295300189805,22.4164739075848,22.7126923423387,23.7818233922749,22.5921071047495,20.6645990349194,20.8606814760302,22.4948009914606,23.6092561724511,23.8841604214263,24.4474453348805,25.7304643005723,21.664419316299,22.6920532839588,23.9901051499276,23.2045359472165,22.1734323155591,23.3477279620034,23.5750003898301,23.906342631245,..
Gross capital formation (% of GDP),NE.GDI.TOTL.ZS,Bulgaria,BGR,..,..,..,..,..,..,..,..,..,..,..,..,..,..,..,..,..,..,..,..,33.9963553177465,35.4878136458408,34.1295281425568,32.8899264118922,33.2033507099577,32.1972799759475,35.8763413684718,32.9038386260549,34.4174353437597,33.1090572826131,25.588778293303,22.5976418570376,19.8889442231076,15.2820341251255,9.39117199391172,15.6985949955688,0.29864389759478,8.86890663592979,18.4939623474863,19.3314224905228,19.1978152374657,21.3950056659962,20.558850915409,22.1492188288818,23.4806153720387,27.7626785013996,32.1493443579571,33.3624484375413,36.9737711993117,28.5678466662739,22.5676817536578,21.4703315855935,21.9420261544527,21.3399078057582,21.4356595983247,21.1897681600624,19.1440764305497,..
Gross capital formation (% of GDP),NE.GDI.TOTL.ZS,Croatia,HRV,..,..,..,..,..,..,..,..,..,..,..,..,..,..,..,..,..,..,..,..,..,..,..,..,..,..,..,..,..,..,..,..,..,..,..,16.8390185109186,20.1076661555914,25.6299666275546,21.6066136758448,21.2623459122926,20.1508290794132,22.1125225610665,25.8535299506466,27.9853437940167,27.5340636207708,27.9383843281234,29.8077026700374,29.7029972758832,31.4342781639078,25.0388169545893,21.3500859763604,20.6279525596026,19.2693897230187,19.1054734275817,18.5529985910259,19.8088601345335,19.8304871279326,..
Gross capital formation (% of GDP),NE.GDI.TOTL.ZS,Cyprus,CYP,..,..,..,..,..,..,..,..,..,..,..,..,..,..,..,22.529176020802,26.5648323756972,34.8853722036775,37.2161940988201,38.726580211903,37.8140189709447,33.8127814083843,31.7201665012892,30.1134871336779,33.595031989419,30.3400346189038,25.9229188754433,25.5308414288787,27.4562850124496,30.8919291059449,27.0454275173864,25.8421500253731,28.6989594160607,24.0877025597726,25.5156537748794,26.9822672160714,24.6451204055767,24.4515224263745,19.3706637530729,20.1756168949957,20.8061455874867,19.0167975247567,21.8439129355293,20.3637521947884,22.2228599717318,22.5251343156551,24.7045585902434,24.4960491160252,29.1744712196149,23.0995796181755,23.7778180781886,18.7627653805414,16.0684874574775,13.1346986025744,12.2941741120874,14.2171119377748,16.3404607532073,..
Gross capital formation (% of GDP),NE.GDI.TOTL.ZS,Czech Republic,CZE,..,..,..,..,..,..,..,..,..,..,..,..,..,..,..,..,..,..,..,..,..,..,..,..,..,..,..,..,..,..,24.2387061116308,22.190905227378,25.2961178186842,26.3678807551664,29.6727249135109,33.7322961309139,35.5955590312493,32.3160729556216,30.3315475433391,29.1623279702214,31.4078842797302,31.5492411543938,30.1256244303867,29.0390772499966,29.348944829685,29.1246890056788,30.0440275814322,32.0722780061128,31.061820518638,26.5131694945742,27.1226943639109,26.957537083933,26.1856414621795,24.6670430987026,25.880380333855,27.9557803316649,26.3397608333124,..
Gross capital formation (% of GDP),NE.GDI.TOTL.ZS,Denmark,DNK,..,..,..,..,..,..,25.4218963074312,24.9528733799561,24.5451301938164,26.2719772645669,26.7463651554667,25.9122594118643,26.7075051564271,27.5371829697964,26.9356016214866,22.4715574397826,25.4140673418417,24.4063373094876,23.1352721876249,23.1179615177865,20.1243302034585,17.013702981079,18.2713395737648,18.3643258077487,20.602683421305,22.0996904910724,23.7846333026963,22.0217870279934,21.0571785602254,21.3232019120543,20.7983804702667,19.6115663224229,18.9395827148884,17.3779115228775,18.7344833210173,20.686398136776,20.0637118298861,22.0619144965357,22.6551196133519,20.8877658936095,22.3515199199344,21.8251786695987,21.3430610145142,20.9217185162913,21.6913534585966,22.2064030910778,24.2982654286496,25.277813721177,23.9840796682709,19.0883683875265,18.0760561171467,19.1269586009506,19.4664174496913,19.6908083580827,20.0910070589779,19.9690396367633,20.9773945503354,..
Gross capital formation (% of GDP),NE.GDI.TOTL.ZS,Estonia,EST,..,..,..,..,..,..,..,..,..,..,..,..,..,..,..,..,..,..,..,..,..,..,..,..,..,..,..,..,..,..,..,..,..,..,..,28.6643159498151,29.116995504707,34.5060107100065,33.8664896624122,27.4576270493185,28.843512174183,30.0986957768308,33.1237123804381,35.2774219690052,34.5391467786717,33.18469105002,39.3466031337541,39.2922128033887,30.7183972635285,20.7107403165937,21.2751928645477,25.1064995200459,29.0903308072834,26.9070118277422,27.1028210433271,24.9411356045713,24.2426377309481,..
Gross capital formation (% of GDP),NE.GDI.TOTL.ZS,Finland,FIN,..,..,..,..,..,29.6385588697666,28.0833581305469,25.413156279988,25.3778793906032,25.9156261486357,31.8008973472562,31.921025976488,29.3941597826172,30.8743874461056,37.0020555573627,36.1419853539106,29.2061484087405,27.9671345858734,24.3786494209625,27.7555370507242,31.2243928507808,28.3771722580984,28.6544792323317,28.3720443607449,27.2084937754682,26.9263103714506,26.0360216767612,26.7877964900887,29.0903405685697,31.9833816290193,30.1186682782112,24.0725834272441,21.0519492763871,18.5730279423427,19.7536576767143,20.3427492998904,20.2429943170684,21.766692553595,23.0308517884734,22.4017711525886,23.8938507716808,23.2052728871411,22.0785088577035,22.2505921395536,22.908687065,24.6467178061526,24.0218058790133,25.5000428761309,25.1013107154472,21.22753812925,21.6349545697488,23.5090339261133,22.5268152537877,21.4175412367585,20.9462024392381,20.9218335527948,21.8975497397728,..
Gross capital formation (% of GDP),NE.GDI.TOTL.ZS,France,FRA,..,..,..,..,..,..,..,..,..,..,28.0989573008762,27.2919820607405,27.5459279157702,28.1240805813224,29.0178550178265,24.8132183908046,26.3818939252627,25.5104926013917,24.2427709292681,24.7815637283128,25.6661908029593,23.4409476364788,23.7184327972351,21.6736415774123,21.1509086194846,21.0900857189067,21.6702492131848,22.1634119421698,23.2364725577872,24.1526823615601,24.2925034029927,23.4858428309963,21.8468545733308,19.4364526769325,20.2064323615812,20.4010393749383,19.5180904722189,19.3478075213562,20.5757976296314,21.2552701790068,22.3863413727704,22.0726142005621,21.2296120015631,21.0985087679656,21.8033505576469,22.3756728356673,23.1735632264536,24.1112830027703,24.0879324598542,21.3046095005872,21.9112415879861,23.2105916425321,22.6469611568003,22.3075599360077,22.732583072617,22.7839851830449,23.0004437251919,..
Gross capital formation (% of GDP),NE.GDI.TOTL.ZS,Germany,DEU,..,..,..,..,..,..,..,..,..,..,32.4702869693492,31.5819851006342,30.3720259851499,29.0686527369272,26.2656848381066,24.2477564656275,25.3785435018555,25.0161271817977,25.3153071480798,27.2326260019514,27.0109374385876,24.4301056220726,22.9854051064795,23.7679525554082,23.5323373177231,22.9499460454449,22.9699820769389,22.3822278039445,23.1086782797633,24.0756208991105,24.65069994163,25.58798582099,24.9583559446004,23.6116782476909,23.8327259614597,23.741100016852,22.735111507953,22.782892496022,23.3398076532407,23.4738096160552,23.923259374055,22.3139665573319,19.9192048124058,19.6873986523008,19.1208128176445,18.8145302191355,19.7726104669383,20.7493146269939,20.8600404412626,18.0674557367454,19.625396308613,21.0775326289621,19.3067731105842,19.5122141077899,19.5171988119231,19.1484566228049,19.1978817130771,..
Gross capital formation (% of GDP),NE.GDI.TOTL.ZS,Hungary,HUN,..,..,..,..,..,..,..,..,..,..,..,..,..,..,..,..,..,..,..,..,..,..,..,..,..,..,..,..,..,..,..,20.9509722073885,16.4675031959315,20.4401129348144,22.7307125799194,23.1499479148192,24.8440708159423,26.3182085507164,28.8538169330743,27.4317567197876,28.3031614656218,26.3954253202547,25.7940292182319,24.7422921191261,27.0165724855714,25.4023026718227,25.6755742280452,24.1814262139716,24.6832511878701,20.2975416396022,20.6607597783167,20.4564412047113,19.4548644900689,21.0481925245206,23.3188602268313,21.833824678921,19.7773086183298,..
Gross capital formation (% of GDP),NE.GDI.TOTL.ZS,Greece,GRC,..,..,..,..,..,53.3113903873839,9.72006257106538,24.2909399126125,2.38823531395595,17.1278210457805,36.4578846170644,38.0179343176739,41.747010581829,48.2835903936901,38.2529293250944,36.4177740318594,38.2103671878942,33.7440177476342,32.7823324964741,32.0926724971661,30.6138673567661,25.0201922868948,29.7869815884377,28.6429971728069,29.805274076951,31.3440787352628,30.3336079921222,23.0808728050593,26.5921764935573,26.8586544000456,27.5567675489472,28.4050435344321,25.4097693468982,24.1819702085661,22.789154547813,22.4715926853688,23.3538691957757,22.4408807333248,25.1754998740274,24.1497080020826,25.8256867540218,25.6913351698619,24.7497046604718,27.3748850042,25.3071696410453,22.0992782116474,26.1519016734958,27.1310978770329,24.5112922560732,18.3378973185802,17.0482411528797,15.1046568043641,12.8031537476751,11.6010474422409,11.911020283992,9.81887791319439,10.6098628583241,..
Gross capital formation (% of GDP),NE.GDI.TOTL.ZS,Italy,ITA,..,..,..,..,..,23.1467074419178,22.6234884561577,23.5298335216469,24.1456293932573,25.2390798614481,25.70885771506,23.56185430722,22.6732331891168,26.057714276175,29.4307526100894,23.5056245863314,26.2937747040703,24.162595068497,23.6147361736073,24.1421971874755,26.4617454887194,24.4110996036848,23.4630181115653,21.993962601473,23.0452887170294,22.906042439648,21.4995119915248,21.8755141875347,22.32097882991,22.0735985805036,22.3007918069087,21.9453282654018,21.3212648985323,18.8544895330685,18.7903945712935,19.813267919033,19.137150558468,19.2691746862835,19.4890618622025,20.0047120005147,20.7174357924524,20.6696686140214,21.416625216545,21.065332402969,21.1709746460607,21.103451609038,21.8938859395324,22.1853637673319,21.7812961890531,19.3926192509618,20.5377015913536,20.4622590227846,17.861622238132,16.9551322819513,17.0330045025759,17.3064589531437,17.0949775308351,..
Gross capital formation (% of GDP),NE.GDI.TOTL.ZS,Latvia,LVA,..,..,..,..,..,..,..,..,..,..,..,..,..,..,..,..,..,..,..,..,..,..,..,..,..,..,..,..,..,..,..,..,..,..,..,15.8995359224047,19.1703431736676,21.3339737833242,25.9701442967536,22.4023027576588,24.7243399764623,28.1817735810006,28.158281777529,30.1711116631394,33.034931067203,35.1440572610661,39.227849844359,41.5384277620591,35.0900642205621,21.9860810715991,19.318591755626,25.1727880754741,26.1747843206402,24.2871903419678,22.6743925850626,22.2342926023518,19.5826256580898,..
Gross capital formation (% of GDP),NE.GDI.TOTL.ZS,Lithuania,LTU,..,..,..,..,..,..,..,..,..,..,..,..,..,..,..,..,..,..,..,..,..,..,..,..,..,..,..,..,..,..,..,..,..,..,..,22.7403867385761,21.0571244286478,24.574444203161,24.33564426843,21.3431155353264,18.7588000502537,19.0197576247735,20.6329505523785,21.8011079531555,22.6814879823739,24.053686276686,26.7253391834997,32.1093131416908,27.8871558287533,12.3711698765544,17.9998950679417,21.7162027002041,19.37377156681,19.4616449506907,19.0290828166529,20.5834621487688,17.2446515424777,..
Gross capital formation (% of GDP),NE.GDI.TOTL.ZS,Luxembourg,LUX,..,..,..,..,..,30.2974839744272,29.321579456918,35.2493078130643,30.8392526570019,29.6676052208467,22.5236457844463,25.8979675350532,24.8802258533021,23.6236537470074,18.4830343498414,19.9859283814932,19.8661267276449,17.8076386898496,21.7698771190282,19.2537256803187,22.0173013393075,21.4217899994823,21.6868975811852,21.2513772644114,21.5872555676039,17.7054407897359,21.1933515868437,24.1197214434472,24.9076561380738,24.5936558025598,25.3155908933838,27.0589756213699,23.5365279332127,23.712816546968,22.4316396883632,20.9471981826289,19.5443421109629,21.1314839304022,23.3401385204976,23.1820025861206,22.26529186025,21.7641160616001,19.6938550119186,20.4569381379643,20.3160520406883,20.9717945166068,18.2843073675823,19.2087220722759,20.6928760343848,16.2120163994894,17.8855110377837,19.4459651076485,19.3731764496789,19.0173950033076,18.8464403326564,18.1185840641383,17.9454523504551,..
Gross capital formation (% of GDP),NE.GDI.TOTL.ZS,Netherlands,NLD,..,..,..,..,..,..,..,..,..,..,29.8892862876194,28.5044853385638,25.8780417004786,25.8936622387808,24.7430695165262,23.0690484018135,22.976004303542,23.9190029641608,23.7599840127115,22.8752203348086,23.7486105043124,20.8168508004317,19.7973953675971,20.6621940474513,21.2554457090393,21.5910953121202,22.8472260326408,22.755781821584,24.1344710212198,24.9017883068156,24.3817012007906,23.4669985758561,23.4580416354598,21.3908900880988,21.6388510708021,21.8527637156092,22.7276193381119,23.145760779919,23.2297753746966,23.820382896456,23.0403895898103,22.8298538271771,21.2323129781335,20.8111377994793,20.6829420982214,20.9069131924143,21.5123305456379,22.2549243412471,22.3509496012754,20.9460115943906,20.4203562244265,20.5198396712545,19.1559045452009,18.2347552194721,18.4696112264105,19.9244429422773,20.0556187299062,..
Gross capital formation (% of GDP),NE.GDI.TOTL.ZS,Poland,POL,..,..,..,..,..,..,..,..,..,..,..,..,..,..,..,..,..,..,..,..,..,..,..,..,..,..,..,..,..,..,25.5837357209913,19.8844164671631,15.1514978356101,15.5339572575747,17.6020857317859,19.6786612626674,21.7052933291901,23.7022202205847,25.1816212345459,25.4637324053487,24.6318765461185,20.5579666014936,18.4454557454384,18.8318182355514,20.2305741740635,19.9050347916339,21.6963724874372,25.2077079500339,24.6559865761479,20.5731201100708,21.313251661595,22.4397890254426,20.9909016984519,18.9811665796565,20.3664561926631,20.4696919848482,19.597048805119,..
Gross capital formation (% of GDP),NE.GDI.TOTL.ZS,Portugal,PRT,..,..,..,..,..,..,..,..,..,..,28.0507136307266,26.0962841995445,28.7232901061336,31.248435602067,29.6359818984623,19.440773074736,24.7651845436996,30.1051458853229,31.6029886629255,30.5808268660602,34.0049425507627,35.8289802698923,35.3595896282661,29.3051614347564,23.0464493653523,21.3922128551159,23.1601130094978,27.3643325310391,30.4550081468571,28.278832538547,27.7067846544298,25.7253599451196,24.9330921423651,22.1339932784466,22.9388914065654,24.180856970987,24.3810090404827,26.510555453413,28.3019847018803,29.0148557628217,28.7643425254583,28.1427706529167,25.9996987760354,23.630247775841,24.1797573749359,23.6572358092251,23.2336021364135,23.0713077551468,23.5659867648134,20.7913515665223,21.0806967330128,18.5984222273989,15.7164573641622,14.6319783128056,15.3030243896351,15.823199810826,15.4819651341997,..
Gross capital formation (% of GDP),NE.GDI.TOTL.ZS,Romania,ROU,..,..,..,..,..,..,..,..,..,..,..,..,..,..,..,..,..,..,..,..,..,36.2995029661696,33.7228485015122,..,..,..,..,..,..,..,30.2482806853946,28.0457371024094,31.405493266105,28.9277193823057,24.809134731324,23.5793488056212,23.3672089675928,21.480316554492,18.4988955362487,15.8691334080758,19.8204128437545,22.6218485690526,22.4546943589072,22.7213976980405,24.2862242690985,23.8700424938931,27.2320832911869,31.2833780306361,33.4367616998612,27.1177702543354,26.836200045291,27.8578977209585,26.8441011120362,25.5626113802364,24.6910993385254,25.1681836391483,25.0229292256488,..
Gross capital formation (% of GDP),NE.GDI.TOTL.ZS,Slovak Republic,SVK,..,..,..,..,..,..,..,..,..,..,..,..,..,..,..,..,..,..,..,..,..,..,..,..,..,..,..,..,..,..,32.8066284256061,30.8643779547284,28.5308429284616,26.2165431886759,22.301615260776,26.4145008645328,35.9207188213647,35.9974891477233,35.0964911448383,29.3040373363668,27.5963231369761,31.3566568393893,30.7237273162263,25.7840227690108,27.3808566037303,29.7125650390562,28.8437209455897,28.483104339238,28.658466744174,21.1236338731133,24.013459966017,24.9662676018398,20.9353776343655,20.9828443416642,21.9860837328313,24.2044346663385,22.5704027822867,..
Gross capital formation (% of GDP),NE.GDI.TOTL.ZS,Slovenia,SVN,..,..,..,..,..,..,..,..,..,..,..,..,..,..,..,..,..,..,..,..,..,..,..,..,..,..,..,..,..,..,..,..,..,..,..,25.0809796696207,24.7372826569783,25.9053505253363,26.915056483219,28.8553583640069,28.5206399215405,26.376293707798,25.349347549822,26.4218035938079,28.6055607167998,28.3799319426865,30.1777536441233,32.8760199617944,32.6948999491189,23.3821227888603,22.23994774596,21.7200604070315,18.706421725339,19.484907678993,19.5844623546623,19.3706575305493,18.7005077623097,..
Gross capital formation (% of GDP),NE.GDI.TOTL.ZS,Spain,ESP,..,..,..,..,..,..,..,..,..,..,28.1697290822281,25.8977625220104,27.1301160864398,28.5067654544865,31.6330560116322,29.9074606461459,28.2284525041028,26.1894012473477,24.0102804029189,23.4065311443573,24.2097020156658,22.5555413349685,22.4325723282588,21.5836321629195,20.4587999521187,20.6806674457039,21.5836258707391,23.0060980701044,25.1796376081877,26.4979985373866,26.6573102246387,25.8436052545101,23.9055278051253,21.3204477537249,21.5071538481823,22.3687619329599,22.0821242971196,22.4832013960069,23.7996397385036,25.424858156267,26.579497098646,26.5730606923526,26.9006043070221,27.8233715673975,28.752873162917,30.0157108684392,31.2961445434108,31.3354743261285,29.5954668637595,24.5653592227251,23.5489645538353,21.9073491590912,19.9939412299303,18.7113493023741,19.4521207916594,20.3914266507901,20.4878402034113,..
Gross capital formation (% of GDP),NE.GDI.TOTL.ZS,Sweden,SWE,..,..,..,..,..,28.2188194513706,26.7320303997649,25.6515693316405,24.8535824628617,25.3367285025272,33.3054456604894,30.208528017711,29.1349034654718,28.1325555698363,30.9131228985753,31.4348667056843,30.5335661360458,26.8206365658995,23.3868103962509,26.1433090194654,27.4918233535551,23.8630765082261,23.4243091607358,23.2554608274995,24.2472321719658,26.5979923071983,24.8139846901376,26.0164280603432,27.2641342271196,30.0369243922736,29.4605322527559,24.9519741917782,22.9436037966068,18.948603263753,20.2560373485253,20.6535277309693,20.4052742588735,20.2168516105645,21.3364029010338,21.6275503227646,22.7541823540829,22.7501382090528,21.7410100720813,21.5741419248045,21.5576188498511,22.0038715642275,23.0266327340266,24.6088552413322,24.5196671743025,20.9241635038858,22.912681101161,23.8159623057302,22.6105623100304,22.4948400611261,23.3499964438484,24.2852380793646,24.7494211998632,..
Gross capital formation (% of GDP),NE.GDI.TOTL.ZS,United Kingdom,GBR,..,..,..,..,..,20.3300489681642,19.8153623735673,20.4885643198304,21.210636154316,20.5953730236814,24.1804705147748,23.6030856063096,22.985500484909,26.9573706644273,27.5011902520894,23.7326105020407,25.8351571263036,25.211329036707,24.5960466536883,24.7464180170097,21.2727498076899,19.1892123306762,19.9802777683556,20.8960892071542,21.9998767531547,21.8143352804321,21.5708481858883,22.5067508032415,25.2006820202826,25.8357418201203,22.9646425293947,19.590184886244,18.8303080768258,18.3750890306245,19.3755153140919,18.6372511014882,18.8412553749658,18.011678268655,18.6262865991532,18.0644027033905,18.465730935948,17.8566007050387,17.7629627369517,17.384144549093,17.0240845864906,17.2194468207267,17.5942218137464,18.1105257506191,16.9936793586129,14.4283625883928,15.6795117594598,15.5591653405192,15.7574804551321,16.3579553040876,17.1107453096303,16.972347129325,16.9685801179742,..
Current health expenditure (% of GDP),SH.XPD.CHEX.GD.ZS,Austria,AUT,..,..,..,..,..,..,..,..,..,..,..,..,..,..,..,..,..,..,..,..,..,..,..,..,..,..,..,..,..,..,..,..,..,..,..,..,..,..,..,..,9.22142994,9.28751266,9.41272066,9.58291804,9.64729219,9.58190549,9.4818364,9.47828009,9.63474273,10.14206027,10.11228382,9.90937053,10.13021724,10.18611195,10.28596661,10.31988167,..,..
Current health expenditure (% of GDP),SH.XPD.CHEX.GD.ZS,Belgium,BEL,..,..,..,..,..,..,..,..,..,..,..,..,..,..,..,..,..,..,..,..,..,..,..,..,..,..,..,..,..,..,..,..,..,..,..,..,..,..,..,..,7.94200339,8.10533207,8.26350135,9.08952933,9.10842554,9.02350513,8.92097795,8.94994358,9.33923619,10.07083958,9.91800872,10.08100716,10.18429342,10.36682111,10.39503365,10.47712841,..,..
Current health expenditure (% of GDP),SH.XPD.CHEX.GD.ZS,Bulgaria,BGR,..,..,..,..,..,..,..,..,..,..,..,..,..,..,..,..,..,..,..,..,..,..,..,..,..,..,..,..,..,..,..,..,..,..,..,..,..,..,..,..,5.8708527,6.91216546,7.13596914,7.25556114,6.94398137,6.94420055,6.57317955,6.15947624,6.29068295,6.61345274,7.10581466,7.14387251,7.59139434,7.84915068,8.51112283,8.20309288,..,..
Current health expenditure (% of GDP),SH.XPD.CHEX.GD.ZS,Croatia,HRV,..,..,..,..,..,..,..,..,..,..,..,..,..,..,..,..,..,..,..,..,..,..,..,..,..,..,..,..,..,..,..,..,..,..,..,..,..,..,..,..,7.66469802,7.16206455,6.19018539,6.36214933,6.5725789,6.90187205,6.97723486,7.47406369,7.70480821,8.17113139,8.12300034,7.80604748,7.79695502,7.29948269,7.49048945,7.40361536,..,..
Current health expenditure (% of GDP),SH.XPD.CHEX.GD.ZS,Cyprus,CYP,..,..,..,..,..,..,..,..,..,..,..,..,..,..,..,..,..,..,..,..,..,..,..,..,..,..,..,..,..,..,..,..,..,..,..,..,..,..,..,..,5.312016,5.34238735,5.61591572,5.53012386,5.28468639,5.28617016,5.30853318,5.19121611,6.01936231,6.46461028,6.27779476,6.59134564,6.69358401,6.91217119,6.80104056,6.76967432,..,..
Current health expenditure (% of GDP),SH.XPD.CHEX.GD.ZS,Czech Republic,CZE,..,..,..,..,..,..,..,..,..,..,..,..,..,..,..,..,..,..,..,..,..,..,..,..,..,..,..,..,..,..,..,..,..,..,..,..,..,..,..,..,5.73385062,5.90058216,6.21511915,6.57603735,6.39546323,6.39464022,6.20554248,6.02907661,6.37362529,7.30886385,6.94350531,6.97689183,7.02843525,7.8066952,7.65308523,7.30822225,..,..
Current health expenditure (% of GDP),SH.XPD.CHEX.GD.ZS,Denmark,DNK,..,..,..,..,..,..,..,..,..,..,..,..,..,..,..,..,..,..,..,..,..,..,..,..,..,..,..,..,..,..,..,..,..,..,..,..,..,..,..,..,8.1043807,8.4483269,8.70251179,8.90363048,9.00743094,9.0905709,9.16879674,9.32515549,9.51134351,10.67431683,10.37557581,10.19668712,10.26924257,10.21234699,10.26173761,10.32620701,..,..
Current health expenditure (% of GDP),SH.XPD.CHEX.GD.ZS,Estonia,EST,..,..,..,..,..,..,..,..,..,..,..,..,..,..,..,..,..,..,..,..,..,..,..,..,..,..,..,..,..,..,..,..,..,..,..,..,..,..,..,..,5.16448435,4.78791354,4.73280764,4.88543903,5.09280262,4.95591487,4.91832388,5.02833859,5.75219921,6.54284987,6.33367988,5.82261993,5.82746489,6.02309675,6.21052418,6.51253969,..,..
Current health expenditure (% of GDP),SH.XPD.CHEX.GD.ZS,Finland,FIN,..,..,..,..,..,..,..,..,..,..,..,..,..,..,..,..,..,..,..,..,..,..,..,..,..,..,..,..,..,..,..,..,..,..,..,..,..,..,..,..,6.83650274,6.98526832,7.35891132,7.66280176,7.79097282,7.99793901,8.00452049,7.82608316,8.08408557,8.8716979,8.86869375,8.94886955,9.29113583,9.49202117,9.48001158,9.44569068,..,..
Current health expenditure (% of GDP),SH.XPD.CHEX.GD.ZS,France,FRA,..,..,..,..,..,..,..,..,..,..,..,..,..,..,..,..,..,..,..,..,..,..,..,..,..,..,..,..,..,..,..,..,..,..,..,..,..,..,..,..,9.5411273,9.66523159,9.98176457,10.04113395,10.12424262,10.17983581,10.04536783,9.96160043,10.10223474,10.80662093,10.71304671,10.72586389,10.8276972,10.92933097,11.10007654,11.0664428,..,..
Current health expenditure (% of GDP),SH.XPD.CHEX.GD.ZS,Germany,DEU,..,..,..,..,..,..,..,..,..,..,..,..,..,..,..,..,..,..,..,..,..,..,..,..,..,..,..,..,..,..,..,..,..,..,..,..,..,..,..,..,9.83968665,9.87549602,10.12239226,10.35800512,10.13031683,10.27520145,10.12848637,9.9845617,10.18050231,11.16714358,11.03489841,10.74721063,10.80503651,10.96799989,11.05036714,11.15156851,..,..
Current health expenditure (% of GDP),SH.XPD.CHEX.GD.ZS,Hungary,HUN,..,..,..,..,..,..,..,..,..,..,..,..,..,..,..,..,..,..,..,..,..,..,..,..,..,..,..,..,..,..,..,..,..,..,..,..,..,..,..,..,6.77932589,6.8329084,7.12604302,8.14326758,7.78994909,8.02863187,7.84001611,7.25509019,7.13502424,7.28355933,7.55835933,7.58013875,7.49754119,7.28833308,7.14081101,7.23613379,..,..
Current health expenditure (% of GDP),SH.XPD.CHEX.GD.ZS,Greece,GRC,..,..,..,..,..,..,..,..,..,..,..,..,..,..,..,..,..,..,..,..,..,..,..,..,..,..,..,..,..,..,..,..,..,..,..,..,..,..,..,..,7.2433243,7.98784182,8.23377837,8.19821033,7.93223888,8.99658356,8.96532477,9.06037355,9.38345943,9.46849801,9.560039,9.09809742,8.77645644,8.33554363,7.94134054,8.38483836,..,..
Current health expenditure (% of GDP),SH.XPD.CHEX.GD.ZS,Italy,ITA,..,..,..,..,..,..,..,..,..,..,..,..,..,..,..,..,..,..,..,..,..,..,..,..,..,..,..,..,..,..,..,..,..,..,..,..,..,..,..,..,7.58037235,7.76886299,7.89303446,7.85541424,8.18779716,8.3612048,8.45968681,8.16283649,8.56183142,8.97653684,8.95361182,8.83464291,8.95606116,8.95226727,9.01144092,8.99632037,..,..
Current health expenditure (% of GDP),SH.XPD.CHEX.GD.ZS,Latvia,LVA,..,..,..,..,..,..,..,..,..,..,..,..,..,..,..,..,..,..,..,..,..,..,..,..,..,..,..,..,..,..,..,..,..,..,..,..,..,..,..,..,7.9132163,8.3510914,8.49478505,8.23325483,9.2754074,8.85355766,8.8181052,8.8529169,8.5163657,8.86383542,8.6271369,7.92479645,7.64328038,7.51361289,7.82503769,5.76059881,..,..
Current health expenditure (% of GDP),SH.XPD.CHEX.GD.ZS,Lithuania,LTU,..,..,..,..,..,..,..,..,..,..,..,..,..,..,..,..,..,..,..,..,..,..,..,..,..,..,..,..,..,..,..,..,..,..,..,..,..,..,..,..,5.82726171,5.82620029,6.18989357,6.24531302,5.50508014,5.63745096,5.83906442,5.75743698,6.28817328,7.35535441,6.8146869,6.4939425,6.28819546,6.13391768,6.17791746,6.51478014,..,..
Current health expenditure (% of GDP),SH.XPD.CHEX.GD.ZS,Luxembourg,LUX,..,..,..,..,..,..,..,..,..,..,..,..,..,..,..,..,..,..,..,..,..,..,..,..,..,..,..,..,..,..,..,..,..,..,..,..,..,..,..,..,5.90140125,6.41021963,6.73757805,6.9711736,7.34654114,7.18410975,6.70957809,6.23422425,6.53786397,7.33959136,7.03065126,6.1120571,6.57173882,6.54780307,6.26572665,6.04774196,..,..
Current health expenditure (% of GDP),SH.XPD.CHEX.GD.ZS,Netherlands,NLD,..,..,..,..,..,..,..,..,..,..,..,..,..,..,..,..,..,..,..,..,..,..,..,..,..,..,..,..,..,..,..,..,..,..,..,..,..,..,..,..,7.05640527,7.4412204,7.95428118,8.45717556,8.52118663,9.27056354,9.18211674,9.23702289,9.51053425,10.23626324,10.40288039,10.52050133,10.9036803,10.89740267,10.8585376,10.6902779,..,..
Current health expenditure (% of GDP),SH.XPD.CHEX.GD.ZS,Poland,POL,..,..,..,..,..,..,..,..,..,..,..,..,..,..,..,..,..,..,..,..,..,..,..,..,..,..,..,..,..,..,..,..,..,..,..,..,..,..,..,..,5.29816661,5.67864355,6.07919421,5.96231367,5.86866808,5.80727181,5.80066618,5.8729005,6.37342514,6.58685972,6.41907151,6.23388228,6.20117811,6.37569014,6.24862581,6.34723395,..,..
Current health expenditure (% of GDP),SH.XPD.CHEX.GD.ZS,Portugal,PRT,..,..,..,..,..,..,..,..,..,..,..,..,..,..,..,..,..,..,..,..,..,..,..,..,..,..,..,..,..,..,..,..,..,..,..,..,..,..,..,..,8.3748018,8.4039933,8.55804612,8.90151432,9.29547632,9.43340859,9.13617249,9.06581211,9.35251067,9.87895003,9.81947515,9.53115801,9.34825235,9.08954462,9.02232563,8.97237559,..,..
Current health expenditure (% of GDP),SH.XPD.CHEX.GD.ZS,Romania,ROU,..,..,..,..,..,..,..,..,..,..,..,..,..,..,..,..,..,..,..,..,..,..,..,..,..,..,..,..,..,..,..,..,..,..,..,..,..,..,..,..,4.18793437,4.34137343,4.56619629,5.18637701,5.38779068,5.45876468,5.00907337,5.11153525,5.1707636,5.48894192,5.70801251,4.65105826,4.70583453,5.17776913,5.03454647,4.95441798,..,..
Current health expenditure (% of GDP),SH.XPD.CHEX.GD.ZS,Slovak Republic,SVK,..,..,..,..,..,..,..,..,..,..,..,..,..,..,..,..,..,..,..,..,..,..,..,..,..,..,..,..,..,..,..,..,..,..,..,..,..,..,..,..,5.3125979,5.34015727,5.51682144,5.45839442,6.47974578,6.59792205,6.86156875,7.18981221,6.96639296,7.95678435,7.80112257,7.41832892,7.63384294,7.52781115,6.92111015,6.88594228,..,..
Current health expenditure (% of GDP),SH.XPD.CHEX.GD.ZS,Slovenia,SVN,..,..,..,..,..,..,..,..,..,..,..,..,..,..,..,..,..,..,..,..,..,..,..,..,..,..,..,..,..,..,..,..,..,..,..,..,..,..,..,..,7.78388001,7.87635954,7.99610541,8.08173371,7.92680512,7.96504212,7.80212895,7.49448974,7.84938816,8.56174826,8.56162351,8.54011378,8.72710784,8.75674539,8.54159658,8.54318382,..,..
Current health expenditure (% of GDP),SH.XPD.CHEX.GD.ZS,Spain,ESP,..,..,..,..,..,..,..,..,..,..,..,..,..,..,..,..,..,..,..,..,..,..,..,..,..,..,..,..,..,..,..,..,..,..,..,..,..,..,..,..,6.8160619,6.78313377,6.80292358,7.53018064,7.6191456,7.67640382,7.75518882,7.83671201,8.28908822,8.98892964,9.02218513,9.09151309,9.07300093,9.01941268,9.08340734,9.16537519,..,..
Current health expenditure (% of GDP),SH.XPD.CHEX.GD.ZS,Sweden,SWE,..,..,..,..,..,..,..,..,..,..,..,..,..,..,..,..,..,..,..,..,..,..,..,..,..,..,..,..,..,..,..,..,..,..,..,..,..,..,..,..,7.41244804,8.03416286,8.36211553,8.46388685,8.26137253,8.27739469,8.16106452,8.07390721,8.31308546,8.94447909,8.48640651,10.67897654,10.9382056,11.10079845,11.14127066,11.01207026,..,..
Current health expenditure (% of GDP),SH.XPD.CHEX.GD.ZS,United Kingdom,GBR,..,..,..,..,..,..,..,..,..,..,..,..,..,..,..,..,..,..,..,..,..,..,..,..,..,..,..,..,..,..,..,..,..,..,..,..,..,..,..,..,6.01210311,6.35113759,6.6226913,6.88601536,7.09729047,7.23952802,7.3843617,7.48933098,7.7415566,8.57783606,8.50761193,8.45869043,8.47576291,9.85475594,9.79945656,9.87677211,..,..
,,,,,,,,,,,,,,,,,,,,,,,,,,,,,,,,,,,,,,,,,,,,,,,,,,,,,,,,,,,,,
,,,,,,,,,,,,,,,,,,,,,,,,,,,,,,,,,,,,,,,,,,,,,,,,,,,,,,,,,,,,,
,,,,,,,,,,,,,,,,,,,,,,,,,,,,,,,,,,,,,,,,,,,,,,,,,,,,,,,,,,,,,
Data from database: World Development Indicators,,,,,,,,,,,,,,,,,,,,,,,,,,,,,,,,,,,,,,,,,,,,,,,,,,,,,,,,,,,,,
Last Updated: 05/21/2018,,,,,,,,,,,,,,,,,,,,,,,,,,,,,,,,,,,,,,,,,,,,,,,,,,,,,,,,,,,,,
